-- phpMyAdmin SQL Dump
-- version 4.0.10deb1
-- http://www.phpmyadmin.net
--
-- Host: 127.0.0.1
-- Generation Time: Apr 26, 2016 at 11:22 PM
-- Server version: 5.5.47-0ubuntu0.14.04.1
-- PHP Version: 5.5.9-1ubuntu4.16

SET SQL_MODE = "NO_AUTO_VALUE_ON_ZERO";
SET time_zone = "+00:00";


/*!40101 SET @OLD_CHARACTER_SET_CLIENT=@@CHARACTER_SET_CLIENT */;
/*!40101 SET @OLD_CHARACTER_SET_RESULTS=@@CHARACTER_SET_RESULTS */;
/*!40101 SET @OLD_COLLATION_CONNECTION=@@COLLATION_CONNECTION */;
/*!40101 SET NAMES utf8 */;

--
-- Database: `thomjos`
--

-- --------------------------------------------------------

--
-- Table structure for table `address`
--

CREATE TABLE IF NOT EXISTS `address` (
  `address_id` int(11) NOT NULL AUTO_INCREMENT,
  `address` varchar(255) NOT NULL,
  `zipcode` int(11) NOT NULL,
  `place` varchar(255) NOT NULL,
  PRIMARY KEY (`address_id`)
) ENGINE=InnoDB  DEFAULT CHARSET=latin1 AUTO_INCREMENT=2030 ;

--
-- Dumping data for table `address`
--

INSERT INTO `address` (`address_id`, `address`, `zipcode`, `place`) VALUES
(1, 'Osloveien 56', 7017, 'TRONDHEIM'),
(2, 'Olav Tryggvasons gate 3 ', 7017, 'TRONDHEIM'),
(3, 'Blomsterliveien 26', 7030, 'TRONDHEIM'),
(4, 'Knausgata 6', 7029, 'TRONDHEIM'),
(6, 'Sjåheiveien 4', 7096, 'Trondheim'),
(8, 'Lille Bryggevei 39', 7061, 'Trondheim'),
(10, 'Granveien 20', 7043, 'TRONDHEIM'),
(12, 'Sentralveien 28', 7094, 'Trondheim'),
(13, 'Kongens gate 2', 7014, 'TRONDHEIM'),
(14, 'Meisegata 11', 7002, 'Trondheim'),
(18, 'Blomsterliveien 30', 7069, 'TRONDHEIM'),
(21, 'Knausgata 33', 7092, 'TILLER'),
(23, 'Prinsens gate 26', 7056, 'RANHEIM'),
(24, 'Vekselveien 11', 7057, 'JONSVATNET'),
(25, 'Kongens gate 40', 7033, 'TRONDHEIM'),
(28, 'Overlege Kindts gate 37', 7039, 'TRONDHEIM'),
(36, 'Jens Bjelkes gate 3', 7021, 'TRONDHEIM'),
(39, 'Knausgata 36', 7042, 'TRONDHEIM'),
(1935, 'kdjksfj', 7030, 'Trondheim'),
(1936, 'kdjksfj', 7030, 'Trondheim'),
(1937, 'asdfasdf', 7030, 'Trondheim'),
(1938, 'asdfasdf', 7030, 'Trondheim'),
(1939, 'ksdjfkajsdfkjas', 7030, 'Trondheim'),
(1940, 'ksdjfkajsdfkjas', 7030, 'Trondheim'),
(1943, 'Vollabakken 15', 7030, 'TRONDHEIM'),
(1944, 'Testveien 1', 6525, 'FREI'),
(1945, 'Businessvei 1', 6500, 'Kristiansund'),
(1946, 'Businessvei 2', 7000, 'Trondheim'),
(1947, 'Businessvei 3', 7001, 'Trondheim'),
(1948, 'Businessvei 4', 7002, 'Trondheim'),
(1949, 'Businessvei 5', 7003, 'Trondheim'),
(1950, 'Businessvei 6', 7004, 'Trondheim'),
(1951, 'Businessvei 7', 7005, 'Trondheim'),
(1952, 'Businessvei 8', 7006, 'Trondheim'),
(1953, 'Businessvei 9', 7007, 'Trondheim'),
(1954, 'Businessvei 10', 7008, 'Trondheim'),
(1955, 'Businessvei 11', 7009, 'Trondheim'),
(1963, 'Dessertgata 10', 7000, 'Trondheim'),
(1964, 'Kjøttveien 4', 7010, 'Trondheim'),
(1965, 'Karbogata 28', 7020, 'Trondheim'),
(1966, 'Sjømatgata 23', 7030, 'Trondheim'),
(1967, 'Grønnsakveien 1', 7040, 'Trondheim'),
(1968, 'Snacksveien 8', 7050, 'Trondheim'),
(1969, 'Kugata 17', 7060, 'Trondheim'),
(1970, 'Dessertgata 10', 7000, 'Trondheim'),
(1971, 'Kjøttveien 4', 7010, 'Trondheim'),
(1972, 'Karbogata 28', 7020, 'Trondheim'),
(1973, 'Sjømatgata 23', 7030, 'Trondheim'),
(1974, 'Grønnsakveien 1', 7040, 'Trondheim'),
(1981, 'Kjøttveien 4', 7010, 'Trondheim'),
(1982, 'Kjøttveien 4', 7010, 'Trondheim'),
(1984, 'Kjøttveien 4', 7010, 'Trondheim'),
(1995, 'Dessertgata 10', 7000, 'Trondheim'),
(1996, 'Kjøttveien 4', 7010, 'Trondheim'),
(1997, 'Karbogata 28', 7020, 'Trondheim'),
(1998, 'Sjømatgata 23', 7030, 'Trondheim'),
(1999, 'Grønnsakveien 1', 7040, 'Trondheim'),
(2000, 'Snacksveien 8', 7050, 'Trondheim'),
(2001, 'Kugata 17', 7060, 'Trondheim'),
(2002, 'Dessertgata 10', 7000, 'Trondheim'),
(2003, 'Kjøttveien 4', 7010, 'Trondheim'),
(2004, 'Karbogata 28', 7020, 'Trondheim'),
(2005, 'Sjømatgata 23', 7030, 'Trondheim'),
(2006, 'Grønnsakveien 1', 7040, 'Trondheim'),
(2007, 'Dessertgata 10', 7000, 'Trondheim'),
(2008, 'Kjøttveien 4', 7010, 'Trondheim'),
(2009, 'Karbogata 28', 7020, 'Trondheim'),
(2010, 'Sjømatgata 23', 7030, 'Trondheim'),
(2011, 'Grønnsakveien 1', 7040, 'Trondheim'),
(2012, 'Kjøttveien 4', 7010, 'Trondheim'),
(2013, 'Kjøttveien 4', 7010, 'Trondheim'),
(2014, 'Kjøttveien 4', 7010, 'Trondheim'),
(2015, 'Dessertgata 10', 7000, 'Trondheim'),
(2016, 'Kjøttveien 4', 7010, 'Trondheim'),
(2017, 'Karbogata 28', 7020, 'Trondheim'),
(2018, 'Sjømatgata 23', 7030, 'Trondheim'),
(2019, 'Grønnsakveien 1', 7040, 'Trondheim');

-- --------------------------------------------------------

--
-- Table structure for table `customer`
--

CREATE TABLE IF NOT EXISTS `customer` (
  `c_id` int(11) NOT NULL AUTO_INCREMENT,
  `business_name` varchar(64) DEFAULT NULL,
  `first_name` varchar(64) DEFAULT NULL,
  `last_name` varchar(64) DEFAULT NULL,
  `phone` int(11) DEFAULT NULL,
  `email` varchar(50) DEFAULT NULL,
  `address_id` int(11) NOT NULL,
  `isbusiness` tinyint(1) unsigned NOT NULL DEFAULT '0',
  PRIMARY KEY (`c_id`),
  UNIQUE KEY `address_id` (`address_id`)
) ENGINE=InnoDB  DEFAULT CHARSET=latin1 AUTO_INCREMENT=172 ;

--
-- Dumping data for table `customer`
--

INSERT INTO `customer` (`c_id`, `business_name`, `first_name`, `last_name`, `phone`, `email`, `address_id`, `isbusiness`) VALUES
(1, 'firstBusinessCustomer', 'Arne', 'afterNameContactPerson', 922992, 'firstBusinessCustomerEmail', 1945, 0),
(2, 'firstOrdinaryCustomer', 'firstcustomer', 'aftercustomer', 93322992, 'firstOrdiaryCustomerEmail', 1946, 0),
(3, '', 'Eirik', 'Lie', 75911625, 'eirik.lie@fastmail.no', 1955, 0),
(4, '', 'Peer', 'Haarsaker', 78205482, 'peer.haarsaker@fastmail.no', 1949, 0),
(5, 'Malvik Jern', 'Thomas', 'Jensen', 79567510, 'thomas.jensen@fastmail.no', 1953, 1),
(6, '', 'Bodil', 'Unsaker', 71644765, 'bodil.unsaker@fastmail.no', 1947, 0),
(7, '', 'Lene', 'Melhus', 72116583, 'lene.melhus@fastmail.no', 1954, 0),
(8, NULL, 'Hans', 'Jakob', 3232343, 'hans@gmail.com', 1951, 0),
(9, NULL, 'Geir', 'Johnsen', 2232343, 'geir@gmail.com', 1952, 0),
(10, 'Rosenborg fotballklubb', 'Trener', 'etEllerAnnet', 3223435, 'rosenborg@gmail.com', 1948, 1),
(11, 'Sit', 'Heidi', 'Klums', 3243422, 'heidi@gmail.com', 1950, 1),
(166, NULL, 'fName1', 'lName1', 12345678, 'JUnit@gmailtesting.org', 1984, 0),
(167, NULL, 'fName2', 'lName2', 22345678, 'email2', 1981, 0),
(168, 'Business1', 'fName3', 'lName3', 32345678, 'email3', 1982, 1),
(169, NULL, 'fName1', 'lName1', 12345678, 'email1', 2012, 0),
(170, NULL, 'fName2', 'lName2', 22345678, 'email2', 2013, 0),
(171, 'Business1', 'fName3', 'lName3', 32345678, 'email3', 2014, 1);

-- --------------------------------------------------------

--
-- Table structure for table `dish`
--

CREATE TABLE IF NOT EXISTS `dish` (
  `price` double DEFAULT NULL,
  `dish_id` int(11) NOT NULL AUTO_INCREMENT,
  `name` varchar(255) DEFAULT NULL,
  PRIMARY KEY (`dish_id`)
) ENGINE=InnoDB  DEFAULT CHARSET=latin1 AUTO_INCREMENT=392 ;

--
-- Dumping data for table `dish`
--

INSERT INTO `dish` (`price`, `dish_id`, `name`) VALUES
(32, 1, 'Spaghetti'),
(14, 2, 'Meatballs'),
(23, 3, 'Pasta'),
(12, 4, 'Meatloaf'),
(13, 5, 'Pizza'),
(14, 6, 'Nudels'),
(15, 7, 'Chicken curry'),
(100, 241, 'Carrot cake'),
(200, 242, 'Trout with potato'),
(175, 243, 'Beef with spaghetti'),
(200, 244, 'Salmon with potato'),
(100, 245, 'Weird dish'),
(75, 246, 'Veggie dish'),
(100, 247, 'TestNameJunit'),
(200, 248, 'TestNameJunit'),
(175, 249, 'TestNameJunit'),
(200, 250, 'TestNameJunit'),
(100, 251, 'TestNameJunit'),
(75, 252, 'TestNameJunit'),
(100, 253, 'TestNameJunit'),
(200, 254, 'TestNameJunit'),
(175, 255, 'TestNameJunit'),
(200, 256, 'TestNameJunit'),
(100, 257, 'TestNameJunit'),
(75, 258, 'TestNameJunit'),
(100, 289, 'TestNameJunit'),
(200, 290, 'TestNameJunit'),
(175, 291, 'TestNameJunit'),
(200, 292, 'TestNameJunit'),
(100, 293, 'TestNameJunit'),
(75, 294, 'TestNameJunit'),
(100, 295, 'TestNameJunit'),
(200, 296, 'TestNameJunit'),
(175, 297, 'TestNameJunit'),
(200, 298, 'TestNameJunit'),
(100, 299, 'TestNameJunit'),
(75, 300, 'TestNameJunit'),
(100, 301, 'TestNameJunit'),
(200, 302, 'TestNameJunit'),
(175, 303, 'TestNameJunit'),
(200, 304, 'TestNameJunit'),
(100, 305, 'TestNameJunit'),
(75, 306, 'TestNameJunit'),
(100, 307, 'TestNameJunit'),
(200, 308, 'TestNameJunit'),
(175, 309, 'TestNameJunit'),
(200, 310, 'TestNameJunit'),
(100, 311, 'TestNameJunit'),
(75, 312, 'TestNameJunit'),
(414.9, 379, 'Testar'),
(100, 380, 'TestNameJunit'),
(200, 381, 'TestNameJunit'),
(175, 382, 'TestNameJunit'),
(200, 383, 'TestNameJunit'),
(100, 384, 'TestNameJunit'),
(75, 385, 'TestNameJunit');

-- --------------------------------------------------------

--
-- Table structure for table `dish_line`
--

CREATE TABLE IF NOT EXISTS `dish_line` (
  `ingredient_id` int(11) NOT NULL DEFAULT '0',
  `dish_id` int(11) NOT NULL DEFAULT '0',
  `quantity` double DEFAULT NULL,
  PRIMARY KEY (`ingredient_id`,`dish_id`),
  KEY `dish_id` (`dish_id`)
) ENGINE=InnoDB DEFAULT CHARSET=latin1;

--
-- Dumping data for table `dish_line`
--

INSERT INTO `dish_line` (`ingredient_id`, `dish_id`, `quantity`) VALUES
(1, 1, 1),
(1, 2, 2),
(1, 3, 1),
(1, 4, 2),
(1, 5, 2),
(2, 1, 1),
(2, 2, 3),
(3, 1, 1),
(3, 2, 4);

-- --------------------------------------------------------

--
-- Table structure for table `employee`
--

CREATE TABLE IF NOT EXISTS `employee` (
  `employee_id` int(11) NOT NULL AUTO_INCREMENT,
  `first_name` varchar(64) NOT NULL,
  `last_name` varchar(64) NOT NULL,
  `phone` int(11) NOT NULL,
  `email` varchar(50) NOT NULL,
  `address_id` int(11) NOT NULL,
  `username` varchar(20) NOT NULL,
  `pos_id` int(11) NOT NULL,
  `salary` double NOT NULL,
  `passhash` varchar(64) NOT NULL,
  PRIMARY KEY (`employee_id`),
  UNIQUE KEY `username` (`username`),
  UNIQUE KEY `address_id` (`address_id`),
  KEY `pos_id` (`pos_id`)
) ENGINE=InnoDB  DEFAULT CHARSET=latin1 AUTO_INCREMENT=220 ;

--
-- Dumping data for table `employee`
--

INSERT INTO `employee` (`employee_id`, `first_name`, `last_name`, `phone`, `email`, `address_id`, `username`, `pos_id`, `salary`, `passhash`) VALUES
(5, 'Spaghetti', 'Meatballs', 87654321, 'spaghetti.meatballs@gmail.com', 2, 'testchef', 2, 300000, 'testchefhash'),
(9, 'Avocado', 'Sandwich', 12345876, 'avocado.sandwich@ltd.com', 8, 'testchef2', 2, 35, 'testhash'),
(10, 'Bodil', 'Unsaker', 76369335, 'bodil.unsaker@quickmail.no', 12, 'BOUN', 4, 524000, 'pass100'),
(11, 'Kari-Anne', 'Jensen', 74339251, 'karianne.jensen@quickmail.no', 10, 'KAJE', 5, 304000, 'pass101'),
(12, 'Lene', 'Grammeltvedt', 76549648, 'lene.grammeltvedt@quickmail.no', 28, 'LEGR', 3, 563000, 'pass102'),
(13, 'Hilde', 'Melhus', 79823841, 'hilde.melhus@quickmail.no', 21, 'HIME', 2, 447000, 'pass103'),
(14, 'Bodil', 'Lie', 74706383, 'bodil.lie@quickmail.no', 4, 'BOLI', 4, 578000, 'pass104'),
(15, 'Siri', 'Moe', 77865924, 'siri.moe@quickmail.no', 36, 'SIMO', 3, 321000, 'pass105'),
(16, 'Astri', 'Unsaker', 75489625, 'astri.unsaker@quickmail.no', 39, 'ASUN', 3, 580000, '.CKMtR,æ'),
(17, 'Bodil', 'Dahl', 77502353, 'bodil.dahl@quickmail.no', 18, 'BODA', 4, 403000, 'pass107'),
(18, 'Astri', 'Jensen', 76914542, 'astri.jensen@quickmail.no', 3, 'ASJE', 3, 562000, 'pass108'),
(19, 'Even2', 'Berdahl', 79772498, 'even.berdahl@quickmail.no', 13, 'EVBE', 4, 494000, 'pass109'),
(20, 'Mahmoud', 'Gundersen', 73106194, 'mahmoud.gundersen@quickmail.no', 25, 'MAGU', 4, 374000, 'pass110'),
(21, 'Mahmoud', 'Melhus', 71964433, 'mahmoud.melhus@quickmail.no', 23, 'MAME', 3, 256000, 'pass111'),
(22, 'Bodil3', 'Andersen', 71432456, 'bodil.andersen@quickmail.no', 24, 'BOAN', 5, 240000, 'VlXQC2UB'),
(25, 'testfirst', 'testlast', 9485305, 'tftl@gmail.com', 6, 'TFTL', 3, 200000, ';mæQD#p#'),
(26, 'demonstrasjon', 'demonstrasjon', 9048348, 'adsfa@gmail.com', 14, 'demo', 3, 2000000, '6fc7cacb9deb97a43cc81a173c5b66363cb2e8931e5c9fbf16a978c87a8e0ed3'),
(104, 'Administrator', ' ', 1, ' ', 1, 'ADMIN', 1, 0, 'Adminhash'),
(208, 'Axel', 'Kvistad', 90133787, 'axel.b.kvistad@gmail.com', 1943, 'axelsales', 4, 1000000, 'da9e1c7180ce8f0507982f421d592b024a1766143d0a3c5d7e159b2934299a50'),
(209, 'test', 'CEO', 12341234, 'test@test.com', 1944, 't', 1, 800000, '03ac674216f3e15c761ee1a5e255f067953623c8b388b4459e13f978d7c846f4'),
(215, 'random0', 'randomlastName0', 1, 'emai.sd0', 2007, 'randomUser0', 3, 2123, 'password0'),
(216, 'random1', 'randomlastName1', 2, 'emai.sd1', 2008, 'randomUser1', 3, 2124, 'password1'),
(217, 'random2', 'randomlastName2', 3, 'emai.sd2', 2009, 'randomUser2', 3, 2125, 'password2'),
(218, 'random3', 'randomlastName3', 4, 'emai.sd3', 2010, 'randomUser3', 3, 2126, 'password3'),
(219, 'random4', 'randomlastName4', 5, 'emai.sd4', 2011, 'randomUser4', 3, 2127, 'password4');

-- --------------------------------------------------------

--
-- Table structure for table `employee_position`
--

CREATE TABLE IF NOT EXISTS `employee_position` (
  `pos_id` int(11) NOT NULL AUTO_INCREMENT,
  `description` varchar(255) DEFAULT NULL,
  `default_salary` double NOT NULL,
  PRIMARY KEY (`pos_id`)
) ENGINE=InnoDB  DEFAULT CHARSET=latin1 AUTO_INCREMENT=6 ;

--
-- Dumping data for table `employee_position`
--

INSERT INTO `employee_position` (`pos_id`, `description`, `default_salary`) VALUES
(1, 'CEO', 800000),
(2, 'Chef', 700000),
(3, 'Driver', 400000),
(4, 'Sales', 350000),
(5, 'Nutrition', 650000);

-- --------------------------------------------------------

--
-- Table structure for table `ingredient`
--

CREATE TABLE IF NOT EXISTS `ingredient` (
  `ingredient_id` int(11) NOT NULL AUTO_INCREMENT,
  `quantity_owned` double DEFAULT NULL,
  `unit` varchar(20) DEFAULT NULL,
  `price` double DEFAULT NULL,
  `supplier_id` int(11) NOT NULL,
  `description` varchar(255) DEFAULT NULL,
  PRIMARY KEY (`ingredient_id`),
  KEY `supplier_id` (`supplier_id`)
) ENGINE=InnoDB  DEFAULT CHARSET=latin1 AUTO_INCREMENT=1402 ;

--
-- Dumping data for table `ingredient`
--

INSERT INTO `ingredient` (`ingredient_id`, `quantity_owned`, `unit`, `price`, `supplier_id`, `description`) VALUES
(1, 249, 'Kg', 35, 1, 'Sugar'),
(2, 369, 'Kg', 353, 1, 'Chocolate'),
(3, 431, 'Kg', 35, 1, 'Flour'),
(4, 29, 'Kg', 21, 2, 'Wheat'),
(5, 234, 'Kg', 34, 3, 'Raisins 2'),
(9, 1000, 'Gram', 5, 3, 'Blåbær'),
(12, 2000, 'Gram', 10, 1, 'Abcd'),
(13, 150, 'Kg', 200, 2, 'Test12345'),
(1360, 10000, 'Gram', 0.02, 553, 'IngredientTest'),
(1361, 30, 'Liter', 20, 553, 'IngredientTest'),
(1362, 15000, 'Gram', 0.025, 553, 'IngredientTest'),
(1363, 30, 'Number of', 30, 553, 'IngredientTest'),
(1364, 300, 'Kilogram', 20, 553, 'IngredientTest'),
(1365, 5000, 'Gram', 0.15, 553, 'IngredientTest'),
(1366, 25, 'Number of', 40, 553, 'IngredientTest'),
(1367, 60, 'Kilogram', 25, 553, 'IngredientTest'),
(1368, 7, 'Kilogram', 50, 553, 'IngredientTest'),
(1369, 20, 'Kilogram', 50, 553, 'IngredientTest'),
(1370, 50, 'Kilogram', 10, 553, 'IngredientTest'),
(1371, 5, 'Kilogram', 30, 553, 'IngredientTest'),
(1372, 8, 'Kilogram', 20, 553, 'IngredientTest'),
(1373, 4, 'Kilogram', 25, 553, 'IngredientTest'),
(1374, 10000, 'Gram', 0.02, 560, 'IngredientTest'),
(1375, 30, 'Liter', 20, 560, 'IngredientTest'),
(1376, 15000, 'Gram', 0.025, 560, 'IngredientTest'),
(1377, 30, 'Number of', 30, 560, 'IngredientTest'),
(1378, 300, 'Kilogram', 20, 560, 'IngredientTest'),
(1379, 5000, 'Gram', 0.15, 560, 'IngredientTest'),
(1380, 25, 'Number of', 40, 560, 'IngredientTest'),
(1381, 60, 'Kilogram', 25, 560, 'IngredientTest'),
(1382, 7, 'Kilogram', 50, 560, 'IngredientTest'),
(1383, 20, 'Kilogram', 50, 560, 'IngredientTest'),
(1384, 50, 'Kilogram', 10, 560, 'IngredientTest'),
(1385, 5, 'Kilogram', 30, 560, 'IngredientTest'),
(1386, 8, 'Kilogram', 20, 560, 'IngredientTest'),
(1387, 4, 'Kilogram', 25, 560, 'IngredientTest');

-- --------------------------------------------------------

--
-- Table structure for table `meal_type`
--

CREATE TABLE IF NOT EXISTS `meal_type` (
  `meal_type_id` int(11) NOT NULL AUTO_INCREMENT,
  `meal_type_name` varchar(30) NOT NULL,
  PRIMARY KEY (`meal_type_id`)
) ENGINE=InnoDB  DEFAULT CHARSET=latin1 AUTO_INCREMENT=55 ;

--
-- Dumping data for table `meal_type`
--

INSERT INTO `meal_type` (`meal_type_id`, `meal_type_name`) VALUES
(1, 'Vegetarian'),
(2, 'Lowcarb'),
(3, 'Vegan'),
(4, 'Lowcarb'),
(5, 'Vegan'),
(6, 'Lowcarb'),
(7, 'Vegan'),
(8, 'Lowcarb'),
(9, 'Vegan'),
(10, 'Lowcarb'),
(11, 'Vegan'),
(12, 'Lowcarb'),
(13, 'Vegan'),
(14, 'Lowcarb'),
(15, 'Vegan'),
(16, 'Lowcarb'),
(17, 'Vegan'),
(18, 'Lowcarb'),
(19, 'Vegan'),
(20, 'Lowcarb'),
(21, 'Vegan'),
(22, 'Lowcarb'),
(23, 'Vegan'),
(24, 'Lowcarb'),
(25, 'Vegan'),
(26, 'Lowcarb'),
(27, 'Vegan'),
(28, 'Vegetarian'),
(29, 'Lowcarb'),
(30, 'Vegan'),
(31, 'Lowcarb'),
(32, 'Vegan'),
(33, 'Lowcarb'),
(34, 'Vegan'),
(35, 'Lowcarb'),
(36, 'Vegan'),
(37, 'Lowcarb'),
(38, 'Vegan'),
(39, 'Lowcarb'),
(40, 'Vegan'),
(41, 'Lowcarb'),
(42, 'Vegan'),
(43, 'Lowcarb'),
(44, 'Vegan'),
(45, 'Lowcarb'),
(46, 'Vegan'),
(47, 'Lowcarb'),
(48, 'Vegan'),
(49, 'Lowcarb'),
(50, 'Vegan'),
(51, 'Lowcarb'),
(52, 'Vegan'),
(53, 'Lowcarb'),
(54, 'Vegan');

-- --------------------------------------------------------

--
-- Table structure for table `menu`
--

CREATE TABLE IF NOT EXISTS `menu` (
  `menu_id` int(11) NOT NULL AUTO_INCREMENT,
  `description` varchar(100) DEFAULT NULL,
  `meal_type_id` int(11) DEFAULT NULL,
  PRIMARY KEY (`menu_id`),
  KEY `menu_meal_type_meal_type_id_fk` (`meal_type_id`)
) ENGINE=InnoDB  DEFAULT CHARSET=latin1 AUTO_INCREMENT=110 ;

--
-- Dumping data for table `menu`
--

INSERT INTO `menu` (`menu_id`, `description`, `meal_type_id`) VALUES
(1, 'firstMenu', 1),
(2, 'secondMenu', 1),
(3, 'thirdMenu', 1),
(4, 'fourthMenu', 1),
(5, 'fifthMenu', 1),
(14, 'Beef and carrot cake', 1),
(15, 'Trout and carrot cake', 1),
(16, 'Weird menu', 1),
(17, 'Veggie menu', 1),
(18, 'Beef and carrot cake', 1),
(19, 'Trout and carrot cake', 1),
(20, 'Weird menu', 1),
(21, 'Veggie menu', 1);

-- --------------------------------------------------------

--
-- Table structure for table `menu_line`
--

CREATE TABLE IF NOT EXISTS `menu_line` (
  `dish_id` int(11) NOT NULL DEFAULT '0',
  `menu_id` int(11) NOT NULL DEFAULT '0',
  `quantity` int(11) DEFAULT '1',
  `price_factor` double DEFAULT '1',
  PRIMARY KEY (`dish_id`,`menu_id`),
  KEY `menu_id` (`menu_id`)
) ENGINE=InnoDB DEFAULT CHARSET=latin1;

--
-- Dumping data for table `menu_line`
--

INSERT INTO `menu_line` (`dish_id`, `menu_id`, `quantity`, `price_factor`) VALUES
(1, 1, 1, 1),
(1, 2, 5, 1),
(2, 5, 1, 1),
(3, 1, 2, 1),
(3, 2, 1, 1),
(3, 3, 4, 1),
(6, 2, 7, 1),
(6, 3, 1, 1),
(7, 2, 4, 1);

-- --------------------------------------------------------

--
-- Table structure for table `order`
--

CREATE TABLE IF NOT EXISTS `order` (
  `order_id` int(11) NOT NULL AUTO_INCREMENT,
  `customer_id` int(11) DEFAULT NULL,
  `subscription_id` int(11) DEFAULT NULL,
  `customer_requests` varchar(100) DEFAULT NULL,
  `delivery_date` datetime DEFAULT NULL,
  `delivered_date` datetime DEFAULT NULL,
  `price` double DEFAULT NULL,
  `address_id` int(11) NOT NULL,
  `status_id` int(11) NOT NULL,
  PRIMARY KEY (`order_id`),
  KEY `customer_id` (`customer_id`),
  KEY `subscription_id` (`subscription_id`),
  KEY `status_id` (`status_id`),
  KEY `address_id` (`address_id`)
) ENGINE=InnoDB  DEFAULT CHARSET=latin1 AUTO_INCREMENT=3050 ;

--
-- Dumping data for table `order`
--

INSERT INTO `order` (`order_id`, `customer_id`, `subscription_id`, `customer_requests`, `delivery_date`, `delivered_date`, `price`, `address_id`, `status_id`) VALUES
(3020, NULL, NULL, 'request1', '2016-04-28 22:52:20', '2016-04-26 22:52:20', 1, 1970, 1),
(3021, NULL, NULL, 'request2', '2016-04-28 22:52:20', '2016-04-26 22:52:20', 2, 1971, 1),
(3022, NULL, NULL, 'request3', '2016-04-28 22:52:20', '2016-04-26 22:52:20', 3, 1972, 1),
(3023, NULL, NULL, 'request4', '2016-04-28 22:52:20', '2016-04-26 22:52:20', 4, 1973, 1),
(3024, NULL, NULL, 'request5', '2016-04-28 22:52:20', '2016-04-26 22:52:20', 2, 1974, 1),
(3030, NULL, NULL, 'request1', '2016-04-28 22:59:04', '2016-04-26 22:59:04', 1, 2002, 1),
(3031, NULL, NULL, 'request2', '2016-04-28 22:59:04', '2016-04-26 22:59:04', 2, 2003, 1),
(3032, NULL, NULL, 'request3', '2016-04-28 22:59:04', '2016-04-26 22:59:04', 3, 2004, 1),
(3033, NULL, NULL, 'request4', '2016-04-28 22:59:04', '2016-04-26 22:59:04', 4, 2005, 1),
(3034, NULL, NULL, 'request5', '2016-04-28 22:59:04', '2016-04-26 22:59:04', 2, 2006, 1),
(3035, NULL, NULL, 'request1', '2016-05-01 22:59:04', '2016-04-26 22:59:04', 34.5, 2015, 1),
(3036, NULL, NULL, 'request2', '2016-05-01 22:59:04', '2016-04-26 22:59:04', 34.5, 2016, 1),
(3037, NULL, NULL, 'request3', '2016-05-01 22:59:04', '2016-04-26 22:59:04', 34.5, 2017, 1),
(3038, NULL, NULL, 'request4', '2016-05-01 22:59:04', '2016-04-26 22:59:04', 34.5, 2018, 1),
(3039, NULL, NULL, 'request5', '2016-05-01 22:59:04', '2016-04-26 22:59:04', 34.5, 2019, 1);

-- --------------------------------------------------------

--
-- Table structure for table `orderstatus`
--

CREATE TABLE IF NOT EXISTS `orderstatus` (
  `status_id` int(11) NOT NULL AUTO_INCREMENT,
  `name` varchar(255) NOT NULL,
  PRIMARY KEY (`status_id`)
) ENGINE=InnoDB  DEFAULT CHARSET=latin1 AUTO_INCREMENT=6 ;

--
-- Dumping data for table `orderstatus`
--

INSERT INTO `orderstatus` (`status_id`, `name`) VALUES
(1, 'Created'),
(2, 'In preparation'),
(3, 'Ready for delivery'),
(4, 'Under delivery'),
(5, 'Delivered');

-- --------------------------------------------------------

--
-- Table structure for table `order_line`
--

CREATE TABLE IF NOT EXISTS `order_line` (
  `order_id` int(11) NOT NULL,
  `dish_id` int(11) NOT NULL,
  `quantity` int(11) NOT NULL,
  PRIMARY KEY (`order_id`,`dish_id`),
  KEY `order_relation_dish_ibfk_2` (`dish_id`)
) ENGINE=InnoDB DEFAULT CHARSET=latin1;

-- --------------------------------------------------------

--
-- Table structure for table `porder`
--

CREATE TABLE IF NOT EXISTS `porder` (
  `porder_id` int(11) NOT NULL AUTO_INCREMENT,
  `supplier_id` int(11) NOT NULL,
  `placed_date` date NOT NULL,
  `received` tinyint(1) NOT NULL DEFAULT '0',
  PRIMARY KEY (`porder_id`),
  KEY `supplier_id` (`supplier_id`)
) ENGINE=InnoDB  DEFAULT CHARSET=latin1 AUTO_INCREMENT=9 ;

--
-- Dumping data for table `porder`
--

INSERT INTO `porder` (`porder_id`, `supplier_id`, `placed_date`, `received`) VALUES
(1, 1, '2016-04-24', 1),
(2, 1, '2016-04-25', 1),
(3, 1, '2016-04-25', 1),
(4, 1, '2016-04-25', 1),
(5, 1, '2015-09-25', 1),
(6, 1, '2016-04-25', 1),
(7, 1, '2016-04-25', 1),
(8, 1, '2016-04-26', 1);

-- --------------------------------------------------------

--
-- Table structure for table `porder_line`
--

CREATE TABLE IF NOT EXISTS `porder_line` (
  `porder_id` int(11) NOT NULL,
  `ingredient_id` int(11) NOT NULL,
  `quantity` double NOT NULL,
  KEY `po_id` (`porder_id`),
  KEY `ingredient_id` (`ingredient_id`)
) ENGINE=InnoDB DEFAULT CHARSET=latin1;

--
-- Dumping data for table `porder_line`
--

INSERT INTO `porder_line` (`porder_id`, `ingredient_id`, `quantity`) VALUES
(1, 1, 345),
(1, 2, 23),
(2, 3, 2),
(3, 3, 2),
(3, 2, 1),
(4, 2, 23),
(4, 1, 1),
(5, 1, 23),
(6, 3, 6),
(6, 1, 2),
(7, 3, 21),
(7, 1, 1),
(8, 1, 23),
(8, 2, 45);

-- --------------------------------------------------------

--
-- Table structure for table `subscription`
--

CREATE TABLE IF NOT EXISTS `subscription` (
  `subscription_id` int(11) NOT NULL AUTO_INCREMENT,
  `start_date` date DEFAULT NULL,
  `end_date` date DEFAULT NULL,
  `customer_id` int(11) DEFAULT NULL,
  PRIMARY KEY (`subscription_id`),
  KEY `subscription___fk` (`customer_id`)
) ENGINE=InnoDB  DEFAULT CHARSET=latin1 AUTO_INCREMENT=134 ;

--
-- Dumping data for table `subscription`
--

INSERT INTO `subscription` (`subscription_id`, `start_date`, `end_date`, `customer_id`) VALUES
(1, '2014-12-14', '2016-05-02', 2),
(2, '2012-12-14', '2018-05-02', NULL),
(3, '2014-12-14', '2016-05-02', NULL),
(4, '2012-12-14', '2018-05-02', 1),
(24, '2016-05-01', '2016-09-02', NULL),
(25, '2016-06-03', '2016-12-04', NULL),
(26, '2016-05-15', '2016-09-01', NULL),
(27, '2016-05-01', '2016-09-02', NULL),
(128, '2016-04-26', '2016-04-26', 166),
(129, '2016-04-26', '2016-04-26', 166),
(130, '2016-04-26', '2016-04-26', 166),
(131, '2016-04-26', '2016-04-26', 169),
(132, '2016-04-26', '2016-04-26', 169),
(133, '2016-04-26', '2016-04-26', 169);

-- --------------------------------------------------------

--
-- Table structure for table `supplier`
--

CREATE TABLE IF NOT EXISTS `supplier` (
  `supplier_id` int(11) NOT NULL AUTO_INCREMENT,
  `business_name` varchar(50) NOT NULL,
  `phone` int(12) DEFAULT NULL,
  `address_id` int(11) DEFAULT NULL,
  PRIMARY KEY (`supplier_id`),
  UNIQUE KEY `address_id` (`address_id`)
) ENGINE=InnoDB  DEFAULT CHARSET=latin1 AUTO_INCREMENT=567 ;

--
-- Dumping data for table `supplier`
--

INSERT INTO `supplier` (`supplier_id`, `business_name`, `phone`, `address_id`) VALUES
(1, 'Freia', 2201943, 1940),
(2, 'Kraft', 2201943, 1939),
(3, 'Toro', 1245678, 1938),
(4, 'Tine', 2929292, 1935),
(5, 'Olympiatoppen', 2949392, 1936),
(6, 'Fjordland', 294837, 1937),
(553, 'RiskyBusiness', 90112233, 1963),
(554, 'RiskyBusiness', 90223344, 1964),
(555, 'RiskyBusiness', 40998877, 1965),
(556, 'RiskyBusiness', 40112233, 1966),
(557, 'RiskyBusiness', 40223344, 1967),
(558, 'RiskyBusiness', 91338292, 1968),
(559, 'RiskyBusiness', 97456282, 1969),
(560, 'RiskyBusiness', 90112233, 1995),
(561, 'RiskyBusiness', 90223344, 1996),
(562, 'RiskyBusiness', 40998877, 1997),
(563, 'RiskyBusiness', 40112233, 1998),
(564, 'RiskyBusiness', 40223344, 1999),
(565, 'RiskyBusiness', 91338292, 2000),
(566, 'RiskyBusiness', 97456282, 2001);

-- --------------------------------------------------------

--
-- Table structure for table `zipcode`
--

CREATE TABLE IF NOT EXISTS `zipcode` (
  `place` varchar(255) DEFAULT NULL,
  `zipcode` int(11) NOT NULL DEFAULT '0',
  UNIQUE KEY `zipcode` (`zipcode`)
) ENGINE=InnoDB DEFAULT CHARSET=latin1;

--
-- Dumping data for table `zipcode`
--

INSERT INTO `zipcode` (`place`, `zipcode`) VALUES
('OSLO', 1),
('OSLO', 10),
('OSLO', 15),
('OSLO', 18),
('OSLO', 21),
('OSLO', 24),
('OSLO', 25),
('OSLO', 26),
('OSLO', 28),
('OSLO', 30),
('OSLO', 31),
('OSLO', 32),
('OSLO', 33),
('OSLO', 34),
('OSLO', 37),
('OSLO', 40),
('OSLO', 45),
('OSLO', 46),
('OSLO', 47),
('OSLO', 48),
('OSLO', 50),
('OSLO', 51),
('OSLO', 55),
('OSLO', 60),
('OSLO', 101),
('OSLO', 102),
('OSLO', 103),
('OSLO', 104),
('OSLO', 105),
('OSLO', 106),
('OSLO', 107),
('OSLO', 109),
('OSLO', 110),
('OSLO', 111),
('OSLO', 112),
('OSLO', 113),
('OSLO', 114),
('OSLO', 115),
('OSLO', 116),
('OSLO', 117),
('OSLO', 118),
('OSLO', 119),
('OSLO', 120),
('OSLO', 121),
('OSLO', 122),
('OSLO', 123),
('OSLO', 124),
('OSLO', 125),
('OSLO', 128),
('OSLO', 129),
('OSLO', 130),
('OSLO', 131),
('OSLO', 132),
('OSLO', 133),
('OSLO', 134),
('OSLO', 135),
('OSLO', 136),
('OSLO', 138),
('OSLO', 139),
('OSLO', 150),
('OSLO', 151),
('OSLO', 152),
('OSLO', 153),
('OSLO', 154),
('OSLO', 155),
('OSLO', 157),
('OSLO', 158),
('OSLO', 159),
('OSLO', 160),
('OSLO', 161),
('OSLO', 162),
('OSLO', 164),
('OSLO', 165),
('OSLO', 166),
('OSLO', 167),
('OSLO', 168),
('OSLO', 169),
('OSLO', 170),
('OSLO', 171),
('OSLO', 172),
('OSLO', 173),
('OSLO', 174),
('OSLO', 175),
('OSLO', 176),
('OSLO', 177),
('OSLO', 178),
('OSLO', 179),
('OSLO', 180),
('OSLO', 181),
('OSLO', 182),
('OSLO', 183),
('OSLO', 184),
('OSLO', 185),
('OSLO', 186),
('OSLO', 187),
('OSLO', 188),
('OSLO', 190),
('OSLO', 191),
('OSLO', 192),
('OSLO', 193),
('OSLO', 194),
('OSLO', 195),
('OSLO', 196),
('OSLO', 198),
('OSLO', 201),
('OSLO', 202),
('OSLO', 203),
('OSLO', 204),
('OSLO', 207),
('OSLO', 208),
('OSLO', 211),
('OSLO', 212),
('OSLO', 213),
('OSLO', 214),
('OSLO', 215),
('OSLO', 216),
('OSLO', 217),
('OSLO', 218),
('OSLO', 230),
('OSLO', 240),
('OSLO', 244),
('OSLO', 247),
('OSLO', 250),
('OSLO', 251),
('OSLO', 252),
('OSLO', 253),
('OSLO', 254),
('OSLO', 255),
('OSLO', 256),
('OSLO', 257),
('OSLO', 258),
('OSLO', 259),
('OSLO', 260),
('OSLO', 262),
('OSLO', 263),
('OSLO', 264),
('OSLO', 265),
('OSLO', 266),
('OSLO', 267),
('OSLO', 268),
('OSLO', 270),
('OSLO', 271),
('OSLO', 272),
('OSLO', 273),
('OSLO', 274),
('OSLO', 275),
('OSLO', 276),
('OSLO', 277),
('OSLO', 278),
('OSLO', 279),
('OSLO', 280),
('OSLO', 281),
('OSLO', 282),
('OSLO', 283),
('OSLO', 284),
('OSLO', 286),
('OSLO', 287),
('OSLO', 301),
('OSLO', 302),
('OSLO', 303),
('OSLO', 304),
('OSLO', 305),
('OSLO', 306),
('OSLO', 307),
('OSLO', 308),
('OSLO', 309),
('OSLO', 311),
('OSLO', 313),
('OSLO', 314),
('OSLO', 315),
('OSLO', 316),
('OSLO', 317),
('OSLO', 318),
('OSLO', 319),
('OSLO', 323),
('OSLO', 330),
('OSLO', 340),
('OSLO', 349),
('OSLO', 350),
('OSLO', 351),
('OSLO', 352),
('OSLO', 353),
('OSLO', 354),
('OSLO', 355),
('OSLO', 356),
('OSLO', 357),
('OSLO', 358),
('OSLO', 359),
('OSLO', 360),
('OSLO', 361),
('OSLO', 362),
('OSLO', 363),
('OSLO', 364),
('OSLO', 365),
('OSLO', 366),
('OSLO', 367),
('OSLO', 368),
('OSLO', 369),
('OSLO', 370),
('OSLO', 371),
('OSLO', 372),
('OSLO', 373),
('OSLO', 374),
('OSLO', 375),
('OSLO', 376),
('OSLO', 377),
('OSLO', 378),
('OSLO', 379),
('OSLO', 380),
('OSLO', 381),
('OSLO', 382),
('OSLO', 383),
('OSLO', 401),
('OSLO', 402),
('OSLO', 403),
('OSLO', 404),
('OSLO', 405),
('OSLO', 406),
('OSLO', 408),
('OSLO', 409),
('OSLO', 410),
('OSLO', 411),
('OSLO', 412),
('OSLO', 413),
('OSLO', 415),
('OSLO', 421),
('OSLO', 422),
('OSLO', 423),
('OSLO', 424),
('OSLO', 440),
('OSLO', 441),
('OSLO', 442),
('OSLO', 445),
('OSLO', 450),
('OSLO', 451),
('OSLO', 452),
('OSLO', 454),
('OSLO', 455),
('OSLO', 456),
('OSLO', 457),
('OSLO', 458),
('OSLO', 459),
('OSLO', 460),
('OSLO', 461),
('OSLO', 462),
('OSLO', 463),
('OSLO', 464),
('OSLO', 465),
('OSLO', 467),
('OSLO', 468),
('OSLO', 469),
('OSLO', 470),
('OSLO', 472),
('OSLO', 473),
('OSLO', 474),
('OSLO', 475),
('OSLO', 476),
('OSLO', 477),
('OSLO', 478),
('OSLO', 479),
('OSLO', 480),
('OSLO', 481),
('OSLO', 482),
('OSLO', 483),
('OSLO', 484),
('OSLO', 485),
('OSLO', 486),
('OSLO', 487),
('OSLO', 488),
('OSLO', 489),
('OSLO', 490),
('OSLO', 491),
('OSLO', 492),
('OSLO', 493),
('OSLO', 494),
('OSLO', 495),
('OSLO', 496),
('OSLO', 501),
('OSLO', 502),
('OSLO', 503),
('OSLO', 504),
('OSLO', 505),
('OSLO', 506),
('OSLO', 507),
('OSLO', 508),
('OSLO', 509),
('OSLO', 510),
('OSLO', 511),
('OSLO', 512),
('OSLO', 513),
('OSLO', 515),
('OSLO', 516),
('OSLO', 517),
('OSLO', 518),
('OSLO', 520),
('OSLO', 540),
('OSLO', 550),
('OSLO', 551),
('OSLO', 552),
('OSLO', 553),
('OSLO', 554),
('OSLO', 555),
('OSLO', 556),
('OSLO', 557),
('OSLO', 558),
('OSLO', 559),
('OSLO', 560),
('OSLO', 561),
('OSLO', 562),
('OSLO', 563),
('OSLO', 564),
('OSLO', 565),
('OSLO', 566),
('OSLO', 567),
('OSLO', 568),
('OSLO', 569),
('OSLO', 570),
('OSLO', 571),
('OSLO', 572),
('OSLO', 573),
('OSLO', 574),
('OSLO', 575),
('OSLO', 576),
('OSLO', 577),
('OSLO', 578),
('OSLO', 579),
('OSLO', 580),
('OSLO', 581),
('OSLO', 582),
('OSLO', 583),
('OSLO', 584),
('OSLO', 585),
('OSLO', 586),
('OSLO', 587),
('OSLO', 588),
('OSLO', 589),
('OSLO', 590),
('OSLO', 591),
('OSLO', 592),
('OSLO', 593),
('OSLO', 594),
('OSLO', 595),
('OSLO', 596),
('OSLO', 597),
('OSLO', 598),
('OSLO', 601),
('OSLO', 602),
('OSLO', 603),
('OSLO', 604),
('OSLO', 605),
('OSLO', 606),
('OSLO', 607),
('OSLO', 608),
('OSLO', 609),
('OSLO', 611),
('OSLO', 612),
('OSLO', 613),
('OSLO', 614),
('OSLO', 615),
('OSLO', 616),
('OSLO', 617),
('OSLO', 618),
('OSLO', 619),
('OSLO', 620),
('OSLO', 621),
('OSLO', 622),
('OSLO', 623),
('OSLO', 624),
('OSLO', 626),
('OSLO', 650),
('OSLO', 651),
('OSLO', 652),
('OSLO', 653),
('OSLO', 654),
('OSLO', 655),
('OSLO', 656),
('OSLO', 657),
('OSLO', 658),
('OSLO', 659),
('OSLO', 660),
('OSLO', 661),
('OSLO', 662),
('OSLO', 663),
('OSLO', 664),
('OSLO', 665),
('OSLO', 666),
('OSLO', 667),
('OSLO', 668),
('OSLO', 669),
('OSLO', 670),
('OSLO', 671),
('OSLO', 672),
('OSLO', 673),
('OSLO', 674),
('OSLO', 675),
('OSLO', 676),
('OSLO', 677),
('OSLO', 678),
('OSLO', 679),
('OSLO', 680),
('OSLO', 681),
('OSLO', 682),
('OSLO', 683),
('OSLO', 684),
('OSLO', 685),
('OSLO', 686),
('OSLO', 687),
('OSLO', 688),
('OSLO', 689),
('OSLO', 690),
('OSLO', 691),
('OSLO', 692),
('OSLO', 693),
('OSLO', 694),
('OSLO', 701),
('OSLO', 702),
('OSLO', 705),
('OSLO', 710),
('OSLO', 712),
('OSLO', 750),
('OSLO', 751),
('OSLO', 752),
('OSLO', 753),
('OSLO', 754),
('OSLO', 755),
('OSLO', 756),
('OSLO', 757),
('OSLO', 758),
('OSLO', 760),
('OSLO', 763),
('OSLO', 764),
('OSLO', 765),
('OSLO', 766),
('OSLO', 767),
('OSLO', 768),
('OSLO', 770),
('OSLO', 771),
('OSLO', 772),
('OSLO', 773),
('OSLO', 774),
('OSLO', 775),
('OSLO', 776),
('OSLO', 777),
('OSLO', 778),
('OSLO', 779),
('OSLO', 781),
('OSLO', 782),
('OSLO', 783),
('OSLO', 784),
('OSLO', 785),
('OSLO', 786),
('OSLO', 787),
('OSLO', 788),
('OSLO', 789),
('OSLO', 790),
('OSLO', 791),
('OSLO', 801),
('OSLO', 805),
('OSLO', 806),
('OSLO', 807),
('OSLO', 840),
('OSLO', 850),
('OSLO', 851),
('OSLO', 852),
('OSLO', 853),
('OSLO', 854),
('OSLO', 855),
('OSLO', 856),
('OSLO', 857),
('OSLO', 858),
('OSLO', 860),
('OSLO', 861),
('OSLO', 862),
('OSLO', 863),
('OSLO', 864),
('OSLO', 870),
('OSLO', 871),
('OSLO', 872),
('OSLO', 873),
('OSLO', 874),
('OSLO', 875),
('OSLO', 876),
('OSLO', 877),
('OSLO', 880),
('OSLO', 881),
('OSLO', 882),
('OSLO', 883),
('OSLO', 884),
('OSLO', 890),
('OSLO', 891),
('OSLO', 901),
('OSLO', 902),
('OSLO', 903),
('OSLO', 904),
('OSLO', 905),
('OSLO', 907),
('OSLO', 908),
('OSLO', 913),
('OSLO', 914),
('OSLO', 915),
('OSLO', 950),
('OSLO', 951),
('OSLO', 952),
('OSLO', 953),
('OSLO', 954),
('OSLO', 955),
('OSLO', 956),
('OSLO', 957),
('OSLO', 958),
('OSLO', 959),
('OSLO', 960),
('OSLO', 962),
('OSLO', 963),
('OSLO', 964),
('OSLO', 968),
('OSLO', 969),
('OSLO', 970),
('OSLO', 971),
('OSLO', 972),
('OSLO', 973),
('OSLO', 975),
('OSLO', 976),
('OSLO', 977),
('OSLO', 978),
('OSLO', 979),
('OSLO', 980),
('OSLO', 981),
('OSLO', 982),
('OSLO', 983),
('OSLO', 984),
('OSLO', 985),
('OSLO', 986),
('OSLO', 987),
('OSLO', 988),
('OSLO', 1001),
('OSLO', 1003),
('OSLO', 1005),
('OSLO', 1006),
('OSLO', 1007),
('OSLO', 1008),
('OSLO', 1009),
('OSLO', 1011),
('OSLO', 1051),
('OSLO', 1052),
('OSLO', 1053),
('OSLO', 1054),
('OSLO', 1055),
('OSLO', 1056),
('OSLO', 1061),
('OSLO', 1062),
('OSLO', 1063),
('OSLO', 1064),
('OSLO', 1065),
('OSLO', 1067),
('OSLO', 1068),
('OSLO', 1069),
('OSLO', 1071),
('OSLO', 1081),
('OSLO', 1083),
('OSLO', 1084),
('OSLO', 1086),
('OSLO', 1087),
('OSLO', 1088),
('OSLO', 1089),
('OSLO', 1101),
('OSLO', 1102),
('OSLO', 1109),
('OSLO', 1112),
('OSLO', 1150),
('OSLO', 1151),
('OSLO', 1152),
('OSLO', 1153),
('OSLO', 1154),
('OSLO', 1155),
('OSLO', 1156),
('OSLO', 1157),
('OSLO', 1158),
('OSLO', 1160),
('OSLO', 1161),
('OSLO', 1162),
('OSLO', 1163),
('OSLO', 1164),
('OSLO', 1165),
('OSLO', 1166),
('OSLO', 1167),
('OSLO', 1168),
('OSLO', 1169),
('OSLO', 1170),
('OSLO', 1172),
('OSLO', 1176),
('OSLO', 1177),
('OSLO', 1178),
('OSLO', 1179),
('OSLO', 1181),
('OSLO', 1182),
('OSLO', 1184),
('OSLO', 1185),
('OSLO', 1187),
('OSLO', 1188),
('OSLO', 1189),
('OSLO', 1201),
('OSLO', 1203),
('OSLO', 1204),
('OSLO', 1205),
('OSLO', 1207),
('OSLO', 1214),
('OSLO', 1215),
('OSLO', 1250),
('OSLO', 1251),
('OSLO', 1252),
('OSLO', 1253),
('OSLO', 1254),
('OSLO', 1255),
('OSLO', 1256),
('OSLO', 1257),
('OSLO', 1258),
('OSLO', 1259),
('OSLO', 1262),
('OSLO', 1263),
('OSLO', 1266),
('OSLO', 1270),
('OSLO', 1271),
('OSLO', 1272),
('OSLO', 1273),
('OSLO', 1274),
('OSLO', 1275),
('OSLO', 1278),
('OSLO', 1279),
('OSLO', 1281),
('OSLO', 1283),
('OSLO', 1284),
('OSLO', 1285),
('OSLO', 1286),
('OSLO', 1290),
('OSLO', 1291),
('OSLO', 1294),
('OSLO', 1295),
('SANDVIKA', 1300),
('SANDVIKA', 1301),
('SANDVIKA', 1302),
('SANDVIKA', 1303),
('SANDVIKA', 1304),
('HASLUM', 1305),
('SANDVIKA', 1306),
('FORNEBU', 1307),
('RUD', 1309),
('HØVIKODDEN', 1311),
('SLEPENDEN', 1312),
('VØYENENGA', 1313),
('VØYENENGA', 1314),
('EIKSMARKA', 1316),
('BÆRUMS VERK', 1317),
('BEKKESTUA', 1318),
('BEKKESTUA', 1319),
('STABEKK', 1321),
('HØVIK', 1322),
('HØVIK', 1323),
('LYSAKER', 1324),
('LYSAKER', 1325),
('LYSAKER', 1326),
('LYSAKER', 1327),
('HØVIK', 1328),
('LOMMEDALEN', 1329),
('FORNEBU', 1330),
('FORNEBU', 1331),
('ØSTERÅS', 1332),
('KOLSÅS', 1333),
('RYKKINN', 1334),
('SNARØYA', 1335),
('SANDVIKA', 1336),
('SANDVIKA', 1337),
('SANDVIKA', 1338),
('VØYENENGA', 1339),
('SKUI', 1340),
('SLEPENDEN', 1341),
('GJETTUM', 1342),
('HASLUM', 1344),
('GJETTUM', 1346),
('RYKKINN', 1348),
('RYKKINN', 1349),
('LOMMEDALEN', 1350),
('RUD', 1351),
('KOLSÅS', 1352),
('BÆRUMS VERK', 1353),
('BÆRUMS VERK', 1354),
('BEKKESTUA', 1356),
('BEKKESTUA', 1357),
('JAR', 1358),
('EIKSMARKA', 1359),
('FORNEBU', 1360),
('ØSTERÅS', 1361),
('HOSLE', 1362),
('HØVIK', 1363),
('FORNEBU', 1364),
('BLOMMENHOLM', 1365),
('LYSAKER', 1366),
('SNARØYA', 1367),
('STABEKK', 1368),
('STABEKK', 1369),
('ASKER', 1371),
('ASKER', 1372),
('ASKER', 1373),
('BILLINGSTAD', 1375),
('BILLINGSTAD', 1376),
('BILLINGSTAD', 1377),
('NESBRU', 1378),
('NESBRU', 1379),
('HEGGEDAL', 1380),
('VETTRE', 1381),
('ASKER', 1383),
('ASKER', 1384),
('ASKER', 1385),
('ASKER', 1386),
('ASKER', 1387),
('BORGEN', 1388),
('HEGGEDAL', 1389),
('VOLLEN', 1390),
('VOLLEN', 1391),
('VETTRE', 1392),
('VOLLEN', 1393),
('NESBRU', 1394),
('HVALSTAD', 1395),
('BILLINGSTAD', 1396),
('NESØYA', 1397),
('ASKER', 1399),
('SKI', 1400),
('SKI', 1401),
('SKI', 1402),
('LANGHUS', 1403),
('SIGGERUD', 1404),
('LANGHUS', 1405),
('SKI', 1406),
('VINTERBRO', 1407),
('KRÅKSTAD', 1408),
('SKOTBU', 1409),
('KOLBOTN', 1410),
('KOLBOTN', 1411),
('SOFIEMYR', 1412),
('TÅRNÅSEN', 1413),
('TROLLÅSEN', 1414),
('OPPEGÅRD', 1415),
('OPPEGÅRD', 1416),
('SOFIEMYR', 1417),
('KOLBOTN', 1418),
('OPPEGÅRD', 1419),
('SVARTSKOG', 1420),
('TROLLÅSEN', 1421),
('VINTERBRO', 1429),
('ÅS', 1430),
('ÅS', 1431),
('ÅS', 1432),
('DRØBAK', 1440),
('DRØBAK', 1441),
('DRØBAK', 1442),
('DRØBAK', 1443),
('DRØBAK', 1444),
('DRØBAK', 1445),
('DRØBAK', 1446),
('DRØBAK', 1447),
('DRØBAK', 1448),
('DRØBAK', 1449),
('NESODDTANGEN', 1450),
('NESODDTANGEN', 1451),
('BJØRNEMYR', 1453),
('FAGERSTRAND', 1454),
('NORDRE FROGN', 1455),
('FAGERSTRAND', 1457),
('FJELLSTRAND', 1458),
('FINSTADJORDET', 1468),
('RASTA', 1469),
('LØRENSKOG', 1470),
('LØRENSKOG', 1471),
('FJELLHAMAR', 1472),
('LØRENSKOG', 1473),
('NORDBYHAGEN', 1474),
('FINSTADJORDET', 1475),
('RASTA', 1476),
('FJELLHAMAR', 1477),
('LØRENSKOG', 1478),
('KURLAND', 1479),
('SLATTUM', 1480),
('HAGAN', 1481),
('NITTEDAL', 1482),
('HAGAN', 1483),
('HAKADAL', 1484),
('HAKADAL', 1485),
('NITTEDAL', 1486),
('HAKADAL', 1487),
('HAKADAL', 1488),
('MOSS', 1501),
('MOSS', 1502),
('MOSS', 1503),
('MOSS', 1504),
('MOSS', 1506),
('MOSS', 1508),
('MOSS', 1509),
('MOSS', 1510),
('MOSS', 1511),
('MOSS', 1512),
('MOSS', 1513),
('MOSS', 1514),
('MOSS', 1515),
('MOSS', 1516),
('MOSS', 1517),
('MOSS', 1518),
('MOSS', 1519),
('MOSS', 1520),
('MOSS', 1521),
('MOSS', 1522),
('MOSS', 1523),
('MOSS', 1524),
('MOSS', 1525),
('MOSS', 1526),
('MOSS', 1528),
('MOSS', 1529),
('MOSS', 1530),
('MOSS', 1531),
('MOSS', 1532),
('MOSS', 1533),
('MOSS', 1534),
('MOSS', 1535),
('MOSS', 1536),
('MOSS', 1537),
('MOSS', 1538),
('MOSS', 1539),
('VESTBY', 1540),
('VESTBY', 1541),
('HVITSTEN', 1545),
('HØLEN', 1550),
('SON', 1555),
('SON', 1556),
('LARKOLLEN', 1560),
('LARKOLLEN', 1561),
('DILLING', 1570),
('RYGGE', 1580),
('RYGGE', 1581),
('RYGGE', 1590),
('SPERREBOTN', 1591),
('VÅLER I ØSTFOLD', 1592),
('SVINNDAL', 1593),
('MOSS', 1596),
('MOSS', 1597),
('MOSS', 1598),
('MOSS', 1599),
('FREDRIKSTAD', 1601),
('FREDRIKSTAD', 1602),
('FREDRIKSTAD', 1604),
('FREDRIKSTAD', 1605),
('FREDRIKSTAD', 1606),
('FREDRIKSTAD', 1607),
('FREDRIKSTAD', 1608),
('FREDRIKSTAD', 1609),
('FREDRIKSTAD', 1610),
('FREDRIKSTAD', 1612),
('FREDRIKSTAD', 1613),
('FREDRIKSTAD', 1614),
('FREDRIKSTAD', 1615),
('FREDRIKSTAD', 1616),
('FREDRIKSTAD', 1617),
('FREDRIKSTAD', 1618),
('FREDRIKSTAD', 1619),
('GRESSVIK', 1620),
('GRESSVIK', 1621),
('GRESSVIK', 1624),
('MANSTAD', 1625),
('MANSTAD', 1626),
('ENGELSVIKEN', 1628),
('GAMLE FREDRIKSTAD', 1629),
('GAMLE FREDRIKSTAD', 1630),
('GAMLE FREDRIKSTAD', 1632),
('GAMLE FREDRIKSTAD', 1633),
('GAMLE FREDRIKSTAD', 1634),
('GAMLE FREDRIKSTAD', 1636),
('GAMLE FREDRIKSTAD', 1637),
('GAMLE FREDRIKSTAD', 1638),
('GAMLE FREDRIKSTAD', 1639),
('RÅDE', 1640),
('RÅDE', 1641),
('SALTNES', 1642),
('SELLEBAKK', 1650),
('SELLEBAKK', 1651),
('SELLEBAKK', 1653),
('SELLEBAKK', 1654),
('SELLEBAKK', 1655),
('TORP', 1657),
('TORP', 1658),
('TORP', 1659),
('ROLVSØY', 1661),
('ROLVSØY', 1662),
('ROLVSØY', 1663),
('ROLVSØY', 1664),
('ROLVSØY', 1665),
('ROLVSØY', 1666),
('ROLVSØY', 1667),
('KRÅKERØY', 1670),
('KRÅKERØY', 1671),
('KRÅKERØY', 1672),
('KRÅKERØY', 1673),
('KRÅKERØY', 1675),
('KRÅKERØY', 1676),
('KRÅKERØY', 1678),
('KRÅKERØY', 1679),
('SKJÆRHALDEN', 1680),
('SKJÆRHALDEN', 1682),
('VESTERØY', 1683),
('VESTERØY', 1684),
('HERFØL', 1690),
('NEDGÅRDEN', 1692),
('SARPSBORG', 1701),
('SARPSBORG', 1702),
('SARPSBORG', 1703),
('SARPSBORG', 1704),
('SARPSBORG', 1705),
('SARPSBORG', 1706),
('SARPSBORG', 1707),
('SARPSBORG', 1708),
('SARPSBORG', 1709),
('SARPSBORG', 1710),
('SARPSBORG', 1711),
('GRÅLUM', 1712),
('GRÅLUM', 1713),
('GRÅLUM', 1714),
('YVEN', 1715),
('GREÅKER', 1718),
('GREÅKER', 1719),
('GREÅKER', 1720),
('SARPSBORG', 1721),
('SARPSBORG', 1722),
('SARPSBORG', 1723),
('SARPSBORG', 1724),
('SARPSBORG', 1725),
('SARPSBORG', 1726),
('SARPSBORG', 1727),
('ISE', 1730),
('HAFSLUNDSØY', 1733),
('HAFSLUNDSØY', 1734),
('VARTEIG', 1735),
('BORGENHAUGEN', 1738),
('BORGENHAUGEN', 1739),
('BORGENHAUGEN', 1740),
('KLAVESTADHAUGEN', 1742),
('KLAVESTADHAUGEN', 1743),
('SKJEBERG', 1745),
('SKJEBERG', 1746),
('SKJEBERG', 1747),
('HALDEN', 1751),
('HALDEN', 1752),
('HALDEN', 1753),
('HALDEN', 1754),
('HALDEN', 1757),
('HALDEN', 1759),
('HALDEN', 1760),
('HALDEN', 1761),
('HALDEN', 1763),
('HALDEN', 1764),
('HALDEN', 1765),
('HALDEN', 1766),
('HALDEN', 1767),
('HALDEN', 1768),
('HALDEN', 1769),
('HALDEN', 1771),
('HALDEN', 1772),
('HALDEN', 1776),
('HALDEN', 1777),
('HALDEN', 1778),
('HALDEN', 1779),
('HALDEN', 1781),
('HALDEN', 1782),
('HALDEN', 1783),
('HALDEN', 1784),
('HALDEN', 1785),
('HALDEN', 1786),
('HALDEN', 1787),
('HALDEN', 1788),
('BERG I ØSTFOLD', 1789),
('TISTEDAL', 1790),
('TISTEDAL', 1791),
('TISTEDAL', 1792),
('TISTEDAL', 1793),
('SPONVIKA', 1794),
('KORNSJØ', 1796),
('AREMARK', 1798),
('AREMARK', 1799),
('ASKIM', 1801),
('ASKIM', 1802),
('ASKIM', 1803),
('SPYDEBERG', 1804),
('TOMTER', 1805),
('SKIPTVET', 1806),
('ASKIM', 1807),
('ASKIM', 1808),
('ASKIM', 1809),
('ASKIM', 1811),
('ASKIM', 1812),
('ASKIM', 1813),
('ASKIM', 1814),
('ASKIM', 1815),
('SKIPTVET', 1816),
('SPYDEBERG', 1820),
('KNAPSTAD', 1823),
('TOMTER', 1825),
('HOBØL', 1827),
('ASKIM', 1830),
('ASKIM', 1831),
('ASKIM', 1832),
('ASKIM', 1833),
('MYSEN', 1850),
('MYSEN', 1851),
('SLITU', 1859),
('TRØGSTAD', 1860),
('TRØGSTAD', 1861),
('BÅSTAD', 1866),
('BÅSTAD', 1867),
('ØRJE', 1870),
('ØRJE', 1871),
('OTTEID', 1875),
('HÆRLAND', 1878),
('EIDSBERG', 1880),
('RAKKESTAD', 1890),
('RAKKESTAD', 1891),
('DEGERNES', 1892),
('DEGERNES', 1893),
('FETSUND', 1900),
('FETSUND', 1901),
('GAN', 1903),
('ENEBAKKNESET', 1910),
('FLATEBY', 1911),
('ENEBAKK', 1912),
('YTRE ENEBAKK', 1914),
('FLATEBY', 1916),
('YTRE ENEBAKK', 1917),
('SØRUMSAND', 1920),
('SØRUMSAND', 1921),
('SØRUM', 1923),
('SØRUM', 1924),
('BLAKER', 1925),
('BLAKER', 1926),
('RÅNÅSFOSS', 1927),
('AULI', 1928),
('AULI', 1929),
('AURSKOG', 1930),
('AURSKOG', 1931),
('BJØRKELANGEN', 1940),
('BJØRKELANGEN', 1941),
('RØMSKOG', 1950),
('SETSKOG', 1954),
('LØKEN', 1960),
('LØKEN', 1961),
('FOSSER', 1963),
('HEMNES', 1970),
('HEMNES', 1971),
('LILLESTRØM', 2000),
('LILLESTRØM', 2001),
('LILLESTRØM', 2003),
('LILLESTRØM', 2004),
('RÆLINGEN', 2005),
('LØVENSTAD', 2006),
('KJELLER', 2007),
('FJERDINGBY', 2008),
('NORDBY', 2009),
('STRØMMEN', 2010),
('STRØMMEN', 2011),
('LILLESTRØM', 2012),
('SKJETTEN', 2013),
('BLYSTADLIA', 2014),
('LEIRSUND', 2015),
('FROGNER', 2016),
('FROGNER', 2017),
('LØVENSTAD', 2018),
('SKEDSMOKORSET', 2019),
('SKEDSMOKORSET', 2020),
('SKEDSMOKORSET', 2021),
('GJERDRUM', 2022),
('SKEDSMOKORSET', 2023),
('GJERDRUM', 2024),
('FJERDINGBY', 2025),
('SKJETTEN', 2026),
('KJELLER', 2027),
('LILLESTRØM', 2028),
('NANNESTAD', 2030),
('NANNESTAD', 2031),
('MAURA', 2032),
('ÅSGREINA', 2033),
('HOLTER', 2034),
('HOLTER', 2035),
('MAURA', 2036),
('KLØFTA', 2040),
('KLØFTA', 2041),
('JESSHEIM', 2050),
('JESSHEIM', 2051),
('JESSHEIM', 2052),
('JESSHEIM', 2053),
('MOGREINA', 2054),
('NORDKISA', 2055),
('ALGARHEIM', 2056),
('JESSHEIM', 2057),
('SESSVOLLMOEN', 2058),
('GARDERMOEN', 2060),
('GARDERMOEN', 2061),
('JESSHEIM', 2062),
('JESSHEIM', 2063),
('JESSHEIM', 2066),
('JESSHEIM', 2067),
('JESSHEIM', 2068),
('JESSHEIM', 2069),
('RÅHOLT', 2070),
('RÅHOLT', 2071),
('DAL', 2072),
('BØN', 2073),
('EIDSVOLL VERK', 2074),
('DAL', 2076),
('EIDSVOLL', 2080),
('EIDSVOLL', 2081),
('HURDAL', 2090),
('HURDAL', 2091),
('MINNESUND', 2092),
('FEIRING', 2093),
('MINNESUND', 2094),
('SKARNES', 2100),
('SKARNES', 2101),
('SLÅSTAD', 2110),
('DISENÅ', 2114),
('SANDER', 2116),
('SAGSTUA', 2120),
('BRUVOLL', 2123),
('KNAPPER', 2130),
('GARDVIK', 2133),
('AUSTVATN', 2134),
('ÅRNES', 2150),
('ÅRNES', 2151),
('VORMSUND', 2160),
('VORMSUND', 2161),
('BRÅRUD', 2162),
('SKOGBYGDA', 2164),
('HVAM', 2165),
('OPPAKER', 2166),
('FENSTAD', 2170),
('KONGSVINGER', 2201),
('KONGSVINGER', 2202),
('KONGSVINGER', 2203),
('KONGSVINGER', 2204),
('KONGSVINGER', 2205),
('KONGSVINGER', 2206),
('KONGSVINGER', 2207),
('KONGSVINGER', 2208),
('KONGSVINGER', 2209),
('GRANLI', 2210),
('KONGSVINGER', 2211),
('KONGSVINGER', 2212),
('KONGSVINGER', 2213),
('KONGSVINGER', 2214),
('ROVERUD', 2216),
('HOKKÅSEN', 2217),
('LUNDERSÆTER', 2218),
('BRANDVAL', 2219),
('ÅBOGEN', 2220),
('GALTERUD', 2223),
('AUSTMARKA', 2224),
('KONGSVINGER', 2225),
('KONGSVINGER', 2226),
('SKOTTERUD', 2230),
('SKOTTERUD', 2231),
('TOBØL', 2232),
('VESTMARKA', 2233),
('MATRAND', 2235),
('MAGNOR', 2240),
('MAGNOR', 2241),
('GRUE FINNSKOG', 2256),
('KIRKENÆR', 2260),
('KIRKENÆR', 2261),
('GRINDER', 2264),
('NAMNÅ', 2265),
('ARNEBERG', 2266),
('FLISA', 2270),
('FLISA', 2271),
('GJESÅSEN', 2280),
('ÅSNES FINNSKOG', 2283),
('HAMAR', 2301),
('HAMAR', 2302),
('HAMAR', 2303),
('HAMAR', 2304),
('HAMAR', 2305),
('HAMAR', 2306),
('HAMAR', 2307),
('HAMAR', 2308),
('HAMAR', 2309),
('OTTESTAD', 2312),
('OTTESTAD', 2313),
('OTTESTAD', 2314),
('HAMAR', 2315),
('HAMAR', 2316),
('HAMAR', 2317),
('HAMAR', 2318),
('HAMAR', 2319),
('FURNES', 2320),
('HAMAR', 2321),
('RIDABU', 2322),
('INGEBERG', 2323),
('VANG PÅ HEDMARKEN', 2324),
('HAMAR', 2325),
('HAMAR', 2326),
('VALLSET', 2330),
('ÅSVANG', 2332),
('ROMEDAL', 2333),
('ROMEDAL', 2334),
('STANGE', 2335),
('STANGE', 2336),
('TANGEN', 2337),
('ESPA', 2338),
('LØTEN', 2340),
('LØTEN', 2341),
('ILSENG', 2344),
('ÅDALSBRUK', 2345),
('NES PÅ HEDMARKEN', 2350),
('STAVSJØ', 2353),
('GAUPEN', 2355),
('RUDSHØGDA', 2360),
('NÆROSET', 2364),
('ÅSMARKA', 2365),
('BRØTTUM', 2372),
('BRUMUNDDAL', 2380),
('BRUMUNDDAL', 2381),
('BRUMUNDDAL', 2382),
('BRUMUNDDAL', 2383),
('BRUMUNDDAL', 2384),
('BRUMUNDDAL', 2385),
('BRUMUNDDAL', 2386),
('BRUMUNDDAL', 2387),
('BRUMUNDDAL', 2388),
('BRUMUNDDAL', 2389),
('MOELV', 2390),
('MOELV', 2391),
('ELVERUM', 2401),
('ELVERUM', 2402),
('ELVERUM', 2403),
('ELVERUM', 2404),
('ELVERUM', 2405),
('ELVERUM', 2406),
('ELVERUM', 2407),
('ELVERUM', 2408),
('ELVERUM', 2409),
('HERNES', 2410),
('ELVERUM', 2411),
('SØRSKOGBYGDA', 2412),
('HERADSBYGD', 2415),
('JØMNA', 2416),
('ELVERUM', 2418),
('TRYSIL', 2420),
('TRYSIL', 2421),
('NYBERGSUND', 2422),
('ØSTBY', 2423),
('LJØRDALEN', 2425),
('PLASSEN', 2427),
('SØRE OSEN', 2428),
('TØRBERGET', 2429),
('JORDET', 2430),
('SLETTÅS', 2432),
('BRASKEREIDFOSS', 2435),
('VÅLER I SOLØR', 2436),
('HASLEMOEN', 2437),
('GRAVBERGET', 2438),
('VÅLER I SOLØR', 2439),
('ENGERDAL', 2440),
('DREVSJØ', 2443),
('ELGÅ', 2446),
('SØMÅDALEN', 2448),
('RENA', 2450),
('RENA', 2451),
('OSEN', 2460),
('ATNA', 2476),
('SOLLIA', 2477),
('HANESTAD', 2478),
('KOPPANG', 2480),
('KOPPANG', 2481),
('RENDALEN', 2485),
('RENDALEN', 2486),
('RENDALEN', 2487),
('RENDALEN', 2488),
('TYNSET', 2500),
('TYNSET', 2501),
('TYLLDALEN', 2510),
('KVIKNE', 2512),
('TOLGA', 2540),
('VINGELEN', 2542),
('ØVERSJØDALEN', 2544),
('OS I ØSTERDALEN', 2550),
('DALSBYGDA', 2552),
('TUFSINGDALEN', 2555),
('ALVDAL', 2560),
('ALVDAL', 2561),
('FOLLDAL', 2580),
('FOLLDAL', 2581),
('GRIMSBU', 2582),
('DALHOLEN', 2584),
('LILLEHAMMER', 2601),
('LILLEHAMMER', 2602),
('LILLEHAMMER', 2603),
('LILLEHAMMER', 2604),
('LILLEHAMMER', 2605),
('LILLEHAMMER', 2606),
('VINGROM', 2607),
('LILLEHAMMER', 2608),
('LILLEHAMMER', 2609),
('MESNALI', 2610),
('LILLEHAMMER', 2611),
('SJUSJØEN', 2612),
('LILLEHAMMER', 2613),
('LILLEHAMMER', 2614),
('LILLEHAMMER', 2615),
('LISMARKA', 2616),
('LILLEHAMMER', 2617),
('LILLEHAMMER', 2618),
('LILLEHAMMER', 2619),
('LILLEHAMMER', 2624),
('FÅBERG', 2625),
('LILLEHAMMER', 2626),
('LILLEHAMMER', 2629),
('RINGEBU', 2630),
('RINGEBU', 2631),
('VENABYGD', 2632),
('FÅVANG', 2633),
('FÅVANG', 2634),
('TRETTEN', 2635),
('ØYER', 2636),
('ØYER', 2637),
('VINSTRA', 2639),
('VINSTRA', 2640),
('KVAM', 2642),
('SKÅBU', 2643),
('SØR-FRON', 2645),
('GÅLÅ', 2646),
('SØR-FRON', 2647),
('SØR-FRON', 2648),
('ØSTRE GAUSDAL', 2649),
('ØSTRE GAUSDAL', 2651),
('SVINGVOLL', 2652),
('VESTRE GAUSDAL', 2653),
('FOLLEBU', 2656),
('SVATSUM', 2657),
('ESPEDALEN', 2658),
('DOMBÅS', 2659),
('DOMBÅS', 2660),
('HJERKINN', 2661),
('DOVRE', 2662),
('DOVRESKOGEN', 2663),
('DOVRE', 2664),
('LESJA', 2665),
('LORA', 2666),
('LESJAVERK', 2667),
('LESJASKOG', 2668),
('BJORLI', 2669),
('OTTA', 2670),
('SEL', 2672),
('HØVRINGEN', 2673),
('MYSUSÆTER', 2674),
('OTTA', 2675),
('HEIDAL', 2676),
('NEDRE HEIDAL', 2677),
('VÅGÅ', 2680),
('LALM', 2682),
('TESSANDEN', 2683),
('VÅGÅ', 2684),
('GARMO', 2685),
('LOM', 2686),
('BØVERDALEN', 2687),
('LOM', 2688),
('SKJÅK', 2690),
('NORDBERG', 2693),
('SKJÅK', 2694),
('GROTLI', 2695),
('GRAN', 2711),
('BRANDBU', 2712),
('ROA', 2713),
('JAREN', 2714),
('LUNNER', 2715),
('HARESTUA', 2716),
('GRUA', 2717),
('BRANDBU', 2718),
('GRINDVOLL', 2720),
('LUNNER', 2730),
('ROA', 2740),
('GRUA', 2742),
('HARESTUA', 2743),
('GRAN', 2750),
('BRANDBU', 2760),
('JAREN', 2770),
('GJØVIK', 2801),
('GJØVIK', 2802),
('GJØVIK', 2803),
('GJØVIK', 2804),
('GJØVIK', 2805),
('GJØVIK', 2806),
('HUNNDALEN', 2807),
('GJØVIK', 2808),
('GJØVIK', 2809),
('GJØVIK', 2810),
('HUNNDALEN', 2811),
('GJØVIK', 2815),
('GJØVIK', 2816),
('GJØVIK', 2817),
('GJØVIK', 2818),
('GJØVIK', 2819),
('NORDRE TOTEN', 2820),
('GJØVIK', 2821),
('BYBRUA', 2822),
('GJØVIK', 2825),
('HUNNDALEN', 2827),
('RAUFOSS', 2830),
('RAUFOSS', 2831),
('BIRI', 2832),
('BIRI', 2836),
('BIRISTRAND', 2837),
('SNERTINGDAL', 2838),
('ØVRE SNERTINGDAL', 2839),
('REINSVOLL', 2840),
('EINA', 2843),
('BØVERBRU', 2846),
('KOLBU', 2847),
('SKREIA', 2848),
('KAPP', 2849),
('LENA', 2850),
('LENA', 2851),
('REINSVOLL', 2853),
('EINA', 2854),
('SKREIA', 2857),
('KAPP', 2858),
('HOV', 2860),
('LANDÅSBYGDA', 2861),
('FLUBERG', 2862),
('FALL', 2864),
('ENGER', 2866),
('HOV', 2867),
('DOKKA', 2870),
('ODNES', 2879),
('NORD-TORPA', 2880),
('AUST-TORPA', 2881),
('DOKKA', 2882),
('ETNEDAL', 2890),
('ETNEDAL', 2893),
('FAGERNES', 2900),
('FAGERNES', 2901),
('LEIRA I VALDRES', 2907),
('AURDAL', 2910),
('SKRAUTVÅL', 2917),
('ULNES', 2918),
('LEIRA I VALDRES', 2920),
('TISLEIDALEN', 2923),
('BAGN', 2929),
('BAGN', 2930),
('REINLI', 2933),
('BEGNADALEN', 2936),
('BEGNA', 2937),
('HEGGENES', 2939),
('HEGGENES', 2940),
('ROGNE', 2943),
('SKAMMESTEIN', 2950),
('BEITO', 2952),
('BEITOSTØLEN', 2953),
('BEITOSTØLEN', 2954),
('RØN', 2959),
('RØN', 2960),
('SLIDRE', 2966),
('LOMEN', 2967),
('RYFOSS', 2973),
('VANG I VALDRES', 2974),
('VANG I VALDRES', 2975),
('ØYE', 2977),
('TYINKRYSSET', 2985),
('DRAMMEN', 3001),
('DRAMMEN', 3002),
('DRAMMEN', 3003),
('DRAMMEN', 3004),
('DRAMMEN', 3005),
('DRAMMEN', 3006),
('DRAMMEN', 3007),
('DRAMMEN', 3008),
('DRAMMEN', 3009),
('DRAMMEN', 3011),
('DRAMMEN', 3012),
('DRAMMEN', 3013),
('DRAMMEN', 3014),
('DRAMMEN', 3015),
('DRAMMEN', 3016),
('DRAMMEN', 3017),
('DRAMMEN', 3018),
('DRAMMEN', 3019),
('DRAMMEN', 3021),
('DRAMMEN', 3022),
('DRAMMEN', 3023),
('DRAMMEN', 3024),
('DRAMMEN', 3025),
('DRAMMEN', 3026),
('DRAMMEN', 3027),
('DRAMMEN', 3028),
('DRAMMEN', 3029),
('DRAMMEN', 3030),
('DRAMMEN', 3031),
('DRAMMEN', 3032),
('DRAMMEN', 3033),
('DRAMMEN', 3034),
('DRAMMEN', 3035),
('DRAMMEN', 3036),
('DRAMMEN', 3037),
('DRAMMEN', 3038),
('DRAMMEN', 3039),
('DRAMMEN', 3040),
('DRAMMEN', 3041),
('DRAMMEN', 3042),
('DRAMMEN', 3043),
('DRAMMEN', 3044),
('DRAMMEN', 3045),
('DRAMMEN', 3046),
('DRAMMEN', 3047),
('DRAMMEN', 3048),
('MJØNDALEN', 3050),
('MJØNDALEN', 3051),
('STEINBERG', 3053),
('KROKSTADELVA', 3054),
('KROKSTADELVA', 3055),
('SOLBERGELVA', 3056),
('SOLBERGELVA', 3057),
('SOLBERGMOEN', 3058),
('SVELVIK', 3060),
('SVELVIK', 3061),
('SANDE I VESTFOLD', 3070),
('SANDE I VESTFOLD', 3071),
('BERGER', 3075),
('HOLMESTRAND', 3080),
('HOLMESTRAND', 3081),
('HOLMESTRAND', 3082),
('HOLMESTRAND', 3083),
('HOLMESTRAND', 3084),
('HOLMESTRAND', 3085),
('HOLMESTRAND', 3086),
('HOLMESTRAND', 3087),
('HOLMESTRAND', 3088),
('HOLMESTRAND', 3089),
('HOF', 3090),
('HOF', 3091),
('SUNDBYFOSS', 3092),
('EIDSFOSS', 3095),
('TØNSBERG', 3101),
('TØNSBERG', 3103),
('TØNSBERG', 3104),
('TØNSBERG', 3105),
('NØTTERØY', 3106),
('SEM', 3107),
('VEAR', 3108),
('TØNSBERG', 3109),
('TØNSBERG', 3110),
('TØNSBERG', 3111),
('TØNSBERG', 3112),
('TØNSBERG', 3113),
('TØNSBERG', 3114),
('TØNSBERG', 3115),
('TØNSBERG', 3116),
('TØNSBERG', 3117),
('TØNSBERG', 3118),
('TØNSBERG', 3119),
('NØTTERØY', 3120),
('NØTTERØY', 3121),
('TØNSBERG', 3122),
('TØNSBERG', 3123),
('TØNSBERG', 3124),
('TØNSBERG', 3125),
('TØNSBERG', 3126),
('TØNSBERG', 3127),
('NØTTERØY', 3128),
('HUSØYSUND', 3131),
('HUSØYSUND', 3132),
('DUKEN', 3133),
('TORØD', 3135),
('TORØD', 3137),
('SKALLESTAD', 3138),
('SKALLESTAD', 3139),
('NØTTERØY', 3140),
('KJØPMANNSKJÆR', 3141),
('VESTSKOGEN', 3142),
('KJØPMANNSKJÆR', 3143),
('VEIERLAND', 3144),
('TJØME', 3145),
('HVASSER', 3148),
('TOLVSRØD', 3150),
('TOLVSRØD', 3151),
('TOLVSRØD', 3152),
('TOLVSRØD', 3153),
('TOLVSRØD', 3154),
('BARKÅKER', 3157),
('ANDEBU', 3158),
('MELSOMVIK', 3159),
('STOKKE', 3160),
('STOKKE', 3161),
('ANDEBU', 3162),
('NØTTERØY', 3163),
('REVETAL', 3164),
('TJØME', 3165),
('TOLVSRØD', 3166),
('ÅSGÅRDSTRAND', 3167),
('MELSOMVIK', 3168),
('STOKKE', 3169),
('SEM', 3170),
('SEM', 3171),
('VEAR', 3172),
('VEAR', 3173),
('REVETAL', 3174),
('RAMNES', 3175),
('UNDRUMSDAL', 3176),
('VÅLE', 3177),
('VÅLE', 3178),
('ÅSGÅRDSTRAND', 3179),
('NYKIRKE', 3180),
('HORTEN', 3181),
('HORTEN', 3182),
('HORTEN', 3183),
('BORRE', 3184),
('SKOPPUM', 3185),
('HORTEN', 3186),
('HORTEN', 3187),
('HORTEN', 3188),
('HORTEN', 3189),
('HORTEN', 3191),
('HORTEN', 3192),
('HORTEN', 3193),
('HORTEN', 3194),
('SKOPPUM', 3195),
('HORTEN', 3196),
('BORRE', 3199),
('SANDEFJORD', 3201),
('SANDEFJORD', 3202),
('SANDEFJORD', 3203),
('SANDEFJORD', 3204),
('SANDEFJORD', 3205),
('SANDEFJORD', 3206),
('SANDEFJORD', 3207),
('SANDEFJORD', 3208),
('SANDEFJORD', 3209),
('SANDEFJORD', 3210),
('SANDEFJORD', 3211),
('SANDEFJORD', 3212),
('SANDEFJORD', 3213),
('SANDEFJORD', 3214),
('SANDEFJORD', 3215),
('SANDEFJORD', 3216),
('SANDEFJORD', 3217),
('SANDEFJORD', 3218),
('SANDEFJORD', 3219),
('SANDEFJORD', 3220),
('SANDEFJORD', 3221),
('SANDEFJORD', 3222),
('SANDEFJORD', 3223),
('SANDEFJORD', 3224),
('SANDEFJORD', 3225),
('SANDEFJORD', 3226),
('SANDEFJORD', 3227),
('SANDEFJORD', 3228),
('SANDEFJORD', 3229),
('SANDEFJORD', 3230),
('SANDEFJORD', 3231),
('SANDEFJORD', 3232),
('SANDEFJORD', 3233),
('SANDEFJORD', 3234),
('SANDEFJORD', 3235),
('SANDEFJORD', 3236),
('SANDEFJORD', 3237),
('SANDEFJORD', 3238),
('SANDEFJORD', 3239),
('SANDEFJORD', 3240),
('SANDEFJORD', 3241),
('SANDEFJORD', 3242),
('KODAL', 3243),
('SANDEFJORD', 3244),
('KODAL', 3245),
('SANDEFJORD', 3246),
('SANDEFJORD', 3249),
('LARVIK', 3251),
('LARVIK', 3252),
('LARVIK', 3253),
('LARVIK', 3254),
('LARVIK', 3255),
('LARVIK', 3256),
('LARVIK', 3257),
('LARVIK', 3258),
('LARVIK', 3259),
('LARVIK', 3260),
('LARVIK', 3261),
('LARVIK', 3262),
('LARVIK', 3263),
('LARVIK', 3264),
('LARVIK', 3265),
('LARVIK', 3267),
('LARVIK', 3268),
('LARVIK', 3269),
('LARVIK', 3270),
('LARVIK', 3271),
('LARVIK', 3274),
('SVARSTAD', 3275),
('SVARSTAD', 3276),
('STEINSHOLT', 3277),
('TJODALYNG', 3280),
('TJODALYNG', 3281),
('KVELDE', 3282),
('KVELDE', 3284),
('LARVIK', 3285),
('STAVERN', 3290),
('STAVERN', 3291),
('STAVERN', 3292),
('STAVERN', 3294),
('HELGEROA', 3295),
('NEVLUNGHAVN', 3296),
('HELGEROA', 3297),
('HOKKSUND', 3300),
('HOKKSUND', 3301),
('VESTFOSSEN', 3320),
('VESTFOSSEN', 3321),
('FISKUM', 3322),
('SKOTSELV', 3330),
('SKOTSELV', 3331),
('ÅMOT', 3340),
('ÅMOT', 3341),
('ÅMOT', 3342),
('PRESTFOSS', 3350),
('PRESTFOSS', 3351),
('SOLUMSMOEN', 3355),
('NEDRE EGGEDAL', 3358),
('EGGEDAL', 3359),
('GEITHUS', 3360),
('GEITHUS', 3361),
('VIKERSUND', 3370),
('VIKERSUND', 3371),
('LIER', 3401),
('LIER', 3402),
('LIER', 3403),
('LIER', 3404),
('LIER', 3405),
('TRANBY', 3406),
('TRANBY', 3407),
('TRANBY', 3408),
('TRANBY', 3409),
('SYLLING', 3410),
('SYLLING', 3411),
('LIERSTRANDA', 3412),
('LIER', 3413),
('LIERSTRANDA', 3414),
('LIERSKOGEN', 3420),
('LIERSKOGEN', 3421),
('REISTAD', 3425),
('GULLAUG', 3426),
('GULLAUG', 3427),
('GULLAUG', 3428),
('SPIKKESTAD', 3430),
('SPIKKESTAD', 3431),
('RØYKEN', 3440),
('RØYKEN', 3441),
('HYGGEN', 3442),
('SLEMMESTAD', 3470),
('SLEMMESTAD', 3471),
('BØDALEN', 3472),
('ÅROS', 3474),
('SÆTRE', 3475),
('SÆTRE', 3476),
('BÅTSTØ', 3477),
('NÆRSNES', 3478),
('NÆRSNES', 3479),
('FILTVET', 3480),
('TOFTE', 3481),
('TOFTE', 3482),
('KANA', 3483),
('HOLMSBU', 3484),
('KLOKKARSTUA', 3490),
('HØNEFOSS', 3501),
('HØNEFOSS', 3502),
('HØNEFOSS', 3503),
('HØNEFOSS', 3504),
('HØNEFOSS', 3507),
('HØNEFOSS', 3510),
('HØNEFOSS', 3511),
('HØNEFOSS', 3512),
('HØNEFOSS', 3513),
('HØNEFOSS', 3514),
('HØNEFOSS', 3515),
('HØNEFOSS', 3516),
('HØNEFOSS', 3517),
('HØNEFOSS', 3518),
('HØNEFOSS', 3519),
('JEVNAKER', 3520),
('JEVNAKER', 3521),
('BJONEROA', 3522),
('NES I ÅDAL', 3523),
('NES I ÅDAL', 3524),
('HALLINGBY', 3525),
('HALLINGBY', 3526),
('HEDALEN', 3528),
('RØYSE', 3529),
('RØYSE', 3530),
('KROKKLEIVA', 3531),
('TYRISTRAND', 3533),
('SOKNA', 3534),
('KRØDEREN', 3535),
('NORESUND', 3536),
('KRØDEREN', 3537),
('SOLLIHØGDA', 3538),
('FLÅ', 3539),
('NESBYEN', 3540),
('NESBYEN', 3541),
('TUNHOVD', 3544),
('GOL', 3550),
('GOL', 3551),
('HEMSEDAL', 3560),
('HEMSEDAL', 3561),
('ÅL', 3570),
('ÅL', 3571),
('HOL', 3575),
('HOL', 3576),
('HOVET', 3577),
('TORPO', 3579),
('GEILO', 3580),
('GEILO', 3581),
('DAGALI', 3588),
('USTAOSET', 3593),
('HAUGASTØL', 3595),
('KONGSBERG', 3601),
('KONGSBERG', 3602),
('KONGSBERG', 3603),
('KONGSBERG', 3604),
('KONGSBERG', 3605),
('KONGSBERG', 3606),
('HEISTADMOEN', 3608),
('KONGSBERG', 3609),
('KONGSBERG', 3610),
('KONGSBERG', 3611),
('KONGSBERG', 3612),
('KONGSBERG', 3613),
('KONGSBERG', 3614),
('KONGSBERG', 3615),
('KONGSBERG', 3616),
('KONGSBERG', 3617),
('SKOLLENBORG', 3618),
('SKOLLENBORG', 3619),
('FLESBERG', 3620),
('LAMPELAND', 3621),
('SVENE', 3622),
('LAMPELAND', 3623),
('LYNGDAL I NUMEDAL', 3624),
('ROLLAG', 3626),
('VEGGLI', 3627),
('VEGGLI', 3628),
('NORE', 3629),
('RØDBERG', 3630),
('RØDBERG', 3631),
('UVDAL', 3632),
('HVITTINGFOSS', 3646),
('HVITTINGFOSS', 3647),
('PASSEBEKK', 3648),
('TINN AUSTBYGD', 3650),
('HOVIN I TELEMARK', 3652),
('ATRÅ', 3656),
('MILAND', 3658),
('RJUKAN', 3660),
('RJUKAN', 3661),
('SAULAND', 3665),
('TINN AUSTBYGD', 3666),
('NOTODDEN', 3671),
('NOTODDEN', 3672),
('NOTODDEN', 3673),
('NOTODDEN', 3674),
('NOTODDEN', 3675),
('NOTODDEN', 3676),
('NOTODDEN', 3677),
('NOTODDEN', 3678),
('NOTODDEN', 3679),
('NOTODDEN', 3680),
('NOTODDEN', 3681),
('NOTODDEN', 3683),
('NOTODDEN', 3684),
('HJARTDAL', 3690),
('GRANSHERAD', 3691),
('SAULAND', 3692),
('TUDDAL', 3697),
('SKIEN', 3701),
('SKIEN', 3702),
('SKIEN', 3703),
('SKIEN', 3704),
('SKIEN', 3705),
('SKIEN', 3707),
('SKIEN', 3710),
('SKIEN', 3711),
('SKIEN', 3712),
('SKIEN', 3713),
('SKIEN', 3714),
('SKIEN', 3715),
('SKIEN', 3716),
('SKIEN', 3717),
('SKIEN', 3718),
('SKIEN', 3719),
('SKIEN', 3720),
('SKIEN', 3721),
('SKIEN', 3722),
('SKIEN', 3723),
('SKIEN', 3724),
('SKIEN', 3725),
('SKIEN', 3726),
('SKIEN', 3727),
('SKIEN', 3728),
('SKIEN', 3729),
('SKIEN', 3730),
('SKIEN', 3731),
('SKIEN', 3732),
('SKIEN', 3733),
('SKIEN', 3734),
('SKIEN', 3735),
('SKIEN', 3736),
('SKIEN', 3737),
('SKIEN', 3738),
('SKIEN', 3739),
('SKIEN', 3740),
('SKIEN', 3741),
('SKIEN', 3742),
('SKIEN', 3743),
('SKIEN', 3744),
('SKIEN', 3746),
('SKIEN', 3747),
('SILJAN', 3748),
('SILJAN', 3749),
('DRANGEDAL', 3750),
('TØRDAL', 3753),
('NESLANDSVATN', 3760),
('SANNIDAL', 3766),
('KRAGERØ', 3770),
('SKÅTØY', 3780),
('JOMFRULAND', 3781),
('KRAGERØ SKJÆRGÅRD', 3783),
('SKIEN', 3785),
('SKIEN', 3787),
('STABBESTAD', 3788),
('KRAGERØ', 3789),
('HELLE', 3790),
('KRAGERØ', 3791),
('SKIEN', 3792),
('SANNIDAL', 3793),
('HELLE', 3794),
('DRANGEDAL', 3795),
('SKIEN', 3796),
('SKIEN', 3798),
('SKIEN', 3799),
('BØ I TELEMARK', 3800),
('BØ I TELEMARK', 3801),
('BØ I TELEMARK', 3802),
('BØ I TELEMARK', 3803),
('BØ I TELEMARK', 3804),
('BØ I TELEMARK', 3805),
('GVARV', 3810),
('HØRTE', 3811),
('AKKERHAUGEN', 3812),
('NORDAGUTU', 3820),
('LUNDE', 3825),
('ULEFOSS', 3830),
('ULEFOSS', 3831),
('LUNDE', 3832),
('BØ I TELEMARK', 3833),
('GVARV', 3834),
('SELJORD', 3835),
('KVITESEID', 3836),
('SELJORD', 3840),
('FLATDAL', 3841),
('ÅMOTSDAL', 3844),
('MORGEDAL', 3848),
('VRÅLIOSEN', 3849),
('KVITESEID', 3850),
('VRÅDAL', 3853),
('NISSEDAL', 3854),
('TREUNGEN', 3855),
('RAULAND', 3864),
('FYRESDAL', 3870),
('DALEN', 3880),
('ÅMDALS VERK', 3882),
('TREUNGEN', 3883),
('RAULAND', 3884),
('FYRESDAL', 3885),
('DALEN', 3886),
('VINJE', 3887),
('EDLAND', 3888),
('VINJE', 3890),
('HØYDALSMO', 3891),
('VINJESVINGEN', 3893),
('EDLAND', 3895),
('PORSGRUNN', 3901),
('PORSGRUNN', 3902),
('PORSGRUNN', 3903),
('PORSGRUNN', 3904),
('PORSGRUNN', 3905),
('PORSGRUNN', 3906),
('PORSGRUNN', 3910),
('PORSGRUNN', 3911),
('PORSGRUNN', 3912),
('PORSGRUNN', 3913),
('PORSGRUNN', 3914),
('PORSGRUNN', 3915),
('PORSGRUNN', 3916),
('PORSGRUNN', 3917),
('PORSGRUNN', 3918),
('PORSGRUNN', 3919),
('PORSGRUNN', 3920),
('PORSGRUNN', 3921),
('PORSGRUNN', 3922),
('PORSGRUNN', 3924),
('PORSGRUNN', 3925),
('PORSGRUNN', 3928),
('PORSGRUNN', 3929),
('PORSGRUNN', 3930),
('PORSGRUNN', 3931),
('PORSGRUNN', 3933),
('PORSGRUNN', 3936),
('PORSGRUNN', 3937),
('PORSGRUNN', 3939),
('PORSGRUNN', 3940),
('PORSGRUNN', 3941),
('PORSGRUNN', 3942),
('PORSGRUNN', 3943),
('PORSGRUNN', 3944),
('PORSGRUNN', 3946),
('LANGANGEN', 3947),
('PORSGRUNN', 3948),
('PORSGRUNN', 3949),
('BREVIK', 3950),
('STATHELLE', 3960),
('STATHELLE', 3961),
('STATHELLE', 3962),
('HERRE', 3965),
('STATHELLE', 3966),
('STATHELLE', 3967),
('LANGESUND', 3970),
('BREVIK', 3991),
('LANGESUND', 3993),
('LANGESUND', 3994),
('STATHELLE', 3995),
('PORSGRUNN', 3996),
('PORSGRUNN', 3997),
('PORSGRUNN', 3998),
('HERRE', 3999),
('STAVANGER', 4001),
('STAVANGER', 4002),
('STAVANGER', 4003),
('STAVANGER', 4004),
('STAVANGER', 4005),
('STAVANGER', 4006),
('STAVANGER', 4007),
('STAVANGER', 4008),
('STAVANGER', 4009),
('STAVANGER', 4010),
('STAVANGER', 4011),
('STAVANGER', 4012),
('STAVANGER', 4013),
('STAVANGER', 4014),
('STAVANGER', 4015),
('STAVANGER', 4016),
('STAVANGER', 4017),
('STAVANGER', 4018),
('STAVANGER', 4019),
('STAVANGER', 4020),
('STAVANGER', 4021),
('STAVANGER', 4022),
('STAVANGER', 4023),
('STAVANGER', 4024),
('STAVANGER', 4025),
('STAVANGER', 4026),
('STAVANGER', 4027),
('STAVANGER', 4028),
('STAVANGER', 4029),
('STAVANGER', 4031),
('STAVANGER', 4032),
('STAVANGER', 4033),
('STAVANGER', 4034),
('STAVANGER', 4035),
('STAVANGER', 4036),
('HAFRSFJORD', 4041),
('HAFRSFJORD', 4042),
('HAFRSFJORD', 4043),
('HAFRSFJORD', 4044),
('HAFRSFJORD', 4045),
('HAFRSFJORD', 4046),
('HAFRSFJORD', 4047),
('HAFRSFJORD', 4048),
('HAFRSFJORD', 4049),
('SOLA', 4050),
('SOLA', 4051),
('RØYNEBERG', 4052),
('RÆGE', 4053),
('TJELTA', 4054),
('SOLA', 4055),
('TANANGER', 4056),
('TANANGER', 4057),
('TANANGER', 4058),
('RØYNEBERG', 4059),
('STAVANGER', 4064),
('STAVANGER', 4065),
('STAVANGER', 4066),
('STAVANGER', 4067),
('STAVANGER', 4068),
('STAVANGER', 4069),
('RANDABERG', 4070),
('VASSØY', 4076),
('HUNDVÅG', 4077),
('STAVANGER', 4078),
('STAVANGER', 4079),
('STAVANGER', 4081),
('STAVANGER', 4082),
('HUNDVÅG', 4083),
('STAVANGER', 4084),
('HUNDVÅG', 4085),
('HUNDVÅG', 4086),
('STAVANGER', 4087),
('STAVANGER', 4088),
('HAFRSFJORD', 4089),
('HAFRSFJORD', 4090),
('HAFRSFJORD', 4091),
('STAVANGER', 4092),
('STAVANGER', 4093),
('STAVANGER', 4094),
('STAVANGER', 4095),
('RANDABERG', 4096),
('SOLA', 4097),
('TANANGER', 4098),
('STAVANGER', 4099),
('JØRPELAND', 4100),
('IDSE', 4102),
('FORSAND', 4110),
('FORSAND', 4119),
('TAU', 4120),
('SØR-HIDLE', 4123),
('TAU', 4124),
('JØRPELAND', 4126),
('LYSEBOTN', 4127),
('FLØYRLI', 4128),
('SONGESAND', 4129),
('HJELMELAND', 4130),
('JØSENFJORDEN', 4134),
('ÅRDAL I RYFYLKE', 4137),
('FISTER', 4139),
('SKIFTUN', 4146),
('HJELMELAND', 4148),
('RENNESØY', 4150),
('VESTRE ÅMØY', 4152),
('BRIMSE', 4153),
('AUSTRE ÅMØY', 4154),
('MOSTERØY', 4156),
('BRU', 4158),
('RENNESØY', 4159),
('FINNØY', 4160),
('FINNØY', 4161),
('TALGJE', 4163),
('FOGN', 4164),
('HELGØY I RYFYLKE', 4167),
('BYRE', 4168),
('SØRBOKN', 4169),
('SJERNARØY', 4170),
('NORD-HIDLE', 4173),
('SJERNARØY', 4174),
('KVITSØY', 4180),
('SKARTVEIT', 4182),
('OMBO', 4187),
('FOLDØY', 4198),
('SAUDA', 4200),
('SAUDA', 4201),
('SAUDASJØEN', 4208),
('VANVIK', 4209),
('SAND', 4230),
('ERFJORD', 4233),
('JELSA', 4234),
('HEBNES', 4235),
('SULDALSOSEN', 4237),
('SAND', 4239),
('SULDALSOSEN', 4240),
('NESFLATEN', 4244),
('KOPERVIK', 4250),
('TORVASTAD', 4260),
('AVALDSNES', 4262),
('KVALAVÅG', 4264),
('HÅVIK', 4265),
('ÅKREHAMN', 4270),
('SANDVE', 4272),
('STOL', 4274),
('SÆVELANDSVIK', 4275),
('VEAVÅGEN', 4276),
('SKUDENESHAVN', 4280),
('KOPERVIK', 4291),
('KOPERVIK', 4294),
('VEAVÅGEN', 4295),
('ÅKREHAMN', 4296),
('SKUDENESHAVN', 4297),
('TORVASTAD', 4298),
('AVALDSNES', 4299),
('SANDNES', 4301),
('SANDNES', 4302),
('SANDNES', 4303),
('SANDNES', 4304),
('SANDNES', 4305),
('SANDNES', 4306),
('SANDNES', 4307),
('SANDNES', 4308),
('SANDNES', 4309),
('HOMMERSÅK', 4310),
('HOMMERSÅK', 4311),
('SANDNES', 4312),
('SANDNES', 4313),
('SANDNES', 4314),
('SANDNES', 4315),
('SANDNES', 4316),
('SANDNES', 4317),
('SANDNES', 4318),
('SANDNES', 4319),
('SANDNES', 4321),
('SANDNES', 4322),
('SANDNES', 4323),
('SANDNES', 4324),
('SANDNES', 4325),
('SANDNES', 4326),
('SANDNES', 4327),
('SANDNES', 4328),
('SANDNES', 4329),
('ÅLGÅRD', 4330),
('FIGGJO', 4332),
('OLTEDAL', 4333),
('DIRDAL', 4335),
('ÅLGÅRD', 4339),
('BRYNE', 4340),
('BRYNE', 4341),
('UNDHEIM', 4342),
('ORRE', 4343),
('BRYNE', 4344),
('BRYNE', 4345),
('BRYNE', 4346),
('LYE', 4347),
('LYE', 4348),
('BRYNE', 4349),
('KLEPPE', 4352),
('KLEPP STASJON', 4353),
('VOLL', 4354),
('KVERNALAND', 4355),
('KVERNALAND', 4356),
('KLEPP STASJON', 4357),
('KLEPPE', 4358),
('VARHAUG', 4360),
('VIGRESTAD', 4362),
('BRUSAND', 4363),
('SIREVÅG', 4364),
('NÆRBØ', 4365),
('NÆRBØ', 4367),
('VARHAUG', 4368),
('VIGRESTAD', 4369),
('EGERSUND', 4370),
('EGERSUND', 4371),
('EGERSUND', 4372),
('EGERSUND', 4373),
('EGERSUND', 4374),
('HELLVIK', 4375),
('HELLELAND', 4376),
('EGERSUND', 4378),
('EGERSUND', 4379),
('HAUGE I DALANE', 4380),
('HAUGE I DALANE', 4381),
('BJERKREIM', 4387),
('VIKESÅ', 4389),
('SANDNES', 4391),
('SANDNES', 4392),
('SANDNES', 4393),
('SANDNES', 4394),
('HOMMERSÅK', 4395),
('SANDNES', 4396),
('SANDNES', 4397),
('SANDNES', 4398),
('FLEKKEFJORD', 4400),
('FLEKKEFJORD', 4401),
('FLEKKEFJORD', 4402),
('FLEKKEFJORD', 4403),
('ÅNA-SIRA', 4420),
('HIDRASUND', 4432),
('ANDABELØY', 4434),
('GYLAND', 4436),
('SIRA', 4438),
('TONSTAD', 4440),
('TONSTAD', 4441),
('TJØRHOM', 4443),
('MOI', 4460),
('HOVSHERAD', 4462),
('UALAND', 4463),
('MOI', 4465),
('KVINLOG', 4473),
('KVINESDAL', 4480),
('ØYESTRANDA', 4484),
('FEDA', 4485),
('KVINESDAL', 4490),
('KVINESDAL', 4491),
('KVINESDAL', 4492),
('MANDAL', 4501),
('MANDAL', 4502),
('MANDAL', 4503),
('MANDAL', 4504),
('MANDAL', 4505),
('MANDAL', 4506),
('MANDAL', 4507),
('MANDAL', 4508),
('MANDAL', 4509),
('MANDAL', 4513),
('MANDAL', 4514),
('MANDAL', 4515),
('MANDAL', 4516),
('MANDAL', 4517),
('HOLUM', 4519),
('LINDESNES', 4520),
('LINDESNES', 4521),
('LINDESNES', 4522),
('LINDESNES', 4523),
('LINDESNES', 4524),
('KONSMO', 4525),
('KOLLUNGTVEIT', 4528),
('BYREMO', 4529),
('ØYSLEBØ', 4532),
('MARNARDAL', 4534),
('BJELLAND', 4536),
('ÅSERAL', 4540),
('FOSSDAL', 4544),
('FARSUND', 4550),
('FARSUND', 4551),
('FARSUND', 4552),
('FARSUND', 4553),
('FARSUND', 4554),
('VANSE', 4557),
('VANSE', 4558),
('VANSE', 4560),
('BORHAUG', 4563),
('LYNGDAL', 4575),
('LYNGDAL', 4576),
('LYNGDAL', 4577),
('LYNGDAL', 4579),
('LYNGDAL', 4580),
('KORSHAMN', 4586),
('KVÅS', 4588),
('SNARTEMO', 4590),
('TINGVATN', 4595),
('EIKEN', 4596),
('KRISTIANSAND S', 4604),
('KRISTIANSAND S', 4605),
('KRISTIANSAND S', 4606),
('KRISTIANSAND S', 4608),
('KARDEMOMME BY', 4609),
('KRISTIANSAND S', 4610),
('KRISTIANSAND S', 4611),
('KRISTIANSAND S', 4612),
('KRISTIANSAND S', 4613),
('KRISTIANSAND S', 4614),
('KRISTIANSAND S', 4615),
('KRISTIANSAND S', 4616),
('KRISTIANSAND S', 4617),
('KRISTIANSAND S', 4618),
('MOSBY', 4619),
('KRISTIANSAND S', 4620),
('KRISTIANSAND S', 4621),
('KRISTIANSAND S', 4622),
('KRISTIANSAND S', 4623),
('KRISTIANSAND S', 4624),
('FLEKKERØY', 4625),
('KRISTIANSAND S', 4626),
('KRISTIANSAND S', 4628),
('KRISTIANSAND S', 4629),
('KRISTIANSAND S', 4630),
('KRISTIANSAND S', 4631),
('KRISTIANSAND S', 4632),
('KRISTIANSAND S', 4633),
('KRISTIANSAND S', 4634),
('KRISTIANSAND S', 4635),
('KRISTIANSAND S', 4636),
('KRISTIANSAND S', 4637),
('KRISTIANSAND S', 4638),
('KRISTIANSAND S', 4639),
('SØGNE', 4640),
('NODELAND', 4645),
('FINSLAND', 4646),
('BRENNÅSEN', 4647),
('HAMRESANDEN', 4651),
('HAMRESANDEN', 4656),
('KJEVIK', 4657),
('TVEIT', 4658),
('KRISTIANSAND S', 4661),
('KRISTIANSAND S', 4662),
('KRISTIANSAND S', 4663),
('KRISTIANSAND S', 4664),
('KRISTIANSAND S', 4665),
('KRISTIANSAND S', 4666),
('KRISTIANSAND S', 4670),
('KRISTIANSAND S', 4671),
('KRISTIANSAND S', 4672),
('KRISTIANSAND S', 4673),
('KRISTIANSAND S', 4674),
('KRISTIANSAND S', 4675),
('KRISTIANSAND S', 4676),
('KRISTIANSAND S', 4677),
('KRISTIANSAND S', 4678),
('FLEKKERØY', 4679),
('SØGNE', 4681),
('SØGNE', 4682),
('SØGNE', 4683),
('BRENNÅSEN', 4684),
('NODELAND', 4685),
('KRISTIANSAND S', 4686),
('KRISTIANSAND S', 4687),
('KRISTIANSAND S', 4688),
('KRISTIANSAND S', 4689),
('KRISTIANSAND S', 4691),
('KRISTIANSAND S', 4693),
('KRISTIANSAND S', 4694),
('KRISTIANSAND S', 4695),
('KRISTIANSAND S', 4696),
('KRISTIANSAND S', 4697),
('KRISTIANSAND S', 4698),
('TVEIT', 4699),
('VENNESLA', 4700),
('VENNESLA', 4701),
('VENNESLA', 4702),
('VENNESLA', 4703),
('ØVREBØ', 4705),
('ØVREBØ', 4715),
('HÆGELAND', 4720),
('IVELAND', 4724),
('VATNESTRØM', 4730),
('EVJE', 4733),
('EVJE', 4734),
('EVJE', 4735),
('HORNNES', 4737),
('BYGLANDSFJORD', 4741),
('GRENDI', 4742),
('BYGLAND', 4745),
('VALLE', 4747),
('RYSSTAD', 4748),
('BYKLE', 4754),
('HOVDEN I SETESDAL', 4755),
('HOVDEN I SETESDAL', 4756),
('BIRKELAND', 4760),
('HEREFOSS', 4766),
('ENGESLAND', 4768),
('HØVÅG', 4770),
('BREKKESTØ', 4780),
('LILLESAND', 4790),
('LILLESAND', 4791),
('LILLESAND', 4792),
('HØVÅG', 4793),
('LILLESAND', 4794),
('BIRKELAND', 4795),
('ARENDAL', 4801),
('ARENDAL', 4802),
('ARENDAL', 4803),
('ARENDAL', 4804),
('ARENDAL', 4808),
('ARENDAL', 4809),
('EYDEHAVN', 4810),
('KONGSHAVN', 4812),
('SALTRØD', 4815),
('KOLBJØRNSVIK', 4816),
('HIS', 4817),
('FÆRVIK', 4818),
('FROLAND', 4820),
('RYKENE', 4821),
('NEDENES', 4823),
('BJORBEKK', 4824),
('ARENDAL', 4825),
('FROLANDS VERK', 4827),
('MJÅVATN', 4828),
('HYNNEKLEIV', 4830),
('MYKLAND', 4832),
('RISDAL', 4834),
('ARENDAL', 4836),
('ARENDAL', 4838),
('ARENDAL', 4839),
('ARENDAL', 4841),
('ARENDAL', 4842),
('ARENDAL', 4843),
('ARENDAL', 4844),
('ARENDAL', 4846),
('ARENDAL', 4847),
('ARENDAL', 4848),
('ARENDAL', 4849),
('SALTRØD', 4851),
('FÆRVIK', 4852),
('HIS', 4853),
('NEDENES', 4854),
('FROLAND', 4855),
('ARENDAL', 4856),
('ARENDAL', 4857),
('ARENDAL', 4858),
('ARENDAL', 4859),
('ARENDAL', 4861),
('EYDEHAVN', 4862),
('NELAUG', 4863),
('ÅMLI', 4864),
('ÅMLI', 4865),
('SELÅSVATN', 4868),
('DØLEMO', 4869),
('FEVIK', 4870),
('GRIMSTAD', 4876),
('GRIMSTAD', 4877),
('GRIMSTAD', 4878),
('GRIMSTAD', 4879),
('GRIMSTAD', 4884),
('GRIMSTAD', 4885),
('GRIMSTAD', 4886),
('GRIMSTAD', 4887),
('HOMBORSUND', 4888),
('FEVIK', 4889),
('GRIMSTAD', 4891),
('GRIMSTAD', 4892),
('GRIMSTAD', 4893),
('GRIMSTAD', 4894),
('GRIMSTAD', 4896),
('GRIMSTAD', 4898),
('TVEDESTRAND', 4900),
('TVEDESTRAND', 4901),
('TVEDESTRAND', 4902),
('SONGE', 4909),
('LYNGØR', 4910),
('GJEVING', 4912),
('VESTRE SANDØYA', 4915),
('BORØY', 4916),
('STAUBØ', 4920),
('NES VERK', 4934),
('RISØR', 4950),
('RISØR', 4951),
('RISØR', 4952),
('RISØR', 4953),
('RISØR', 4955),
('SUNDEBRU', 4971),
('GJERSTAD', 4972),
('VEGÅRSHEI', 4973),
('SØNDELED', 4974),
('GJERSTAD', 4980),
('VEGÅRSHEI', 4985),
('SØNDELED', 4990),
('SUNDEBRU', 4993),
('AKLAND', 4994),
('BERGEN', 5003),
('BERGEN', 5004),
('BERGEN', 5005),
('BERGEN', 5006),
('BERGEN', 5007),
('BERGEN', 5008),
('BERGEN', 5009),
('BERGEN', 5010),
('BERGEN', 5011),
('BERGEN', 5012),
('BERGEN', 5013),
('BERGEN', 5014),
('BERGEN', 5015),
('BERGEN', 5016),
('BERGEN', 5017),
('BERGEN', 5018),
('BERGEN', 5019),
('BERGEN', 5020),
('BERGEN', 5021),
('BERGEN', 5022),
('BERGEN', 5031),
('BERGEN', 5032),
('BERGEN', 5033),
('BERGEN', 5034),
('BERGEN', 5035),
('BERGEN', 5036),
('BERGEN', 5037),
('BERGEN', 5038),
('BERGEN', 5039),
('BERGEN', 5041),
('BERGEN', 5042),
('BERGEN', 5043),
('BERGEN', 5045),
('BERGEN', 5052),
('BERGEN', 5053),
('BERGEN', 5054),
('BERGEN', 5055),
('BERGEN', 5056),
('BERGEN', 5057),
('BERGEN', 5058),
('BERGEN', 5059),
('BERGEN', 5063),
('BERGEN', 5067),
('BERGEN', 5068),
('BERGEN', 5072),
('BERGEN', 5073),
('BERGEN', 5075),
('BERGEN', 5081),
('BERGEN', 5082),
('BERGEN', 5089),
('BERGEN', 5093),
('BERGEN', 5094),
('BERGEN', 5096),
('BERGEN', 5097),
('BERGEN', 5098),
('BERGEN', 5099),
('EIDSVÅGNESET', 5101),
('EIDSVÅG I ÅSANE', 5104),
('EIDSVÅG I ÅSANE', 5105),
('ØVRE ERVIK', 5106),
('SALHUS', 5107),
('HORDVIK', 5108),
('HYLKJE', 5109),
('BREISTEIN', 5111),
('TERTNES', 5113),
('TERTNES', 5114),
('ULSET', 5115),
('ULSET', 5116),
('ULSET', 5117),
('ULSET', 5118),
('ULSET', 5119),
('ULSET', 5121),
('MORVIK', 5122),
('MORVIK', 5124),
('NYBORG', 5130),
('NYBORG', 5131),
('NYBORG', 5132),
('FLAKTVEIT', 5134),
('FLAKTVEIT', 5135),
('MJØLKERÅEN', 5136),
('MJØLKERÅEN', 5137),
('FYLLINGSDALEN', 5141),
('FYLLINGSDALEN', 5142),
('FYLLINGSDALEN', 5143),
('FYLLINGSDALEN', 5144),
('FYLLINGSDALEN', 5145),
('FYLLINGSDALEN', 5146),
('FYLLINGSDALEN', 5147),
('FYLLINGSDALEN', 5148),
('STRAUMSGREND', 5151),
('BØNES', 5152),
('BØNES', 5153),
('BØNES', 5154),
('BØNES', 5155),
('LAKSEVÅG', 5160),
('LAKSEVÅG', 5161),
('LAKSEVÅG', 5162),
('LAKSEVÅG', 5163),
('LAKSEVÅG', 5164),
('LAKSEVÅG', 5165),
('BJØRNDALSTRÆ', 5170),
('LODDEFJORD', 5171),
('LODDEFJORD', 5172),
('LODDEFJORD', 5173),
('MATHOPEN', 5174),
('LODDEFJORD', 5176),
('BJØRØYHAMN', 5177),
('LODDEFJORD', 5178),
('GODVIK', 5179),
('OLSVIK', 5183),
('OLSVIK', 5184),
('OS', 5200),
('OS', 5201),
('OS', 5202),
('OS', 5203),
('OS', 5206),
('SØFTELAND', 5207),
('OS', 5208),
('OS', 5209),
('OS', 5210),
('OS', 5211),
('SØFTELAND', 5212),
('LEPSØY', 5213),
('LYSEKLOSTER', 5214),
('LYSEKLOSTER', 5215),
('LEPSØY', 5216),
('HAGAVIK', 5217),
('NORDSTRØNO', 5218),
('NESTTUN', 5221),
('NESTTUN', 5222),
('NESTTUN', 5223),
('NESTTUN', 5224),
('NESTTUN', 5225),
('NESTTUN', 5226),
('NESTTUN', 5227),
('NESTTUN', 5228),
('KALANDSEIDET', 5229),
('PARADIS', 5230),
('PARADIS', 5231),
('PARADIS', 5232),
('RÅDAL', 5235),
('RÅDAL', 5236),
('RÅDAL', 5237),
('RÅDAL', 5238),
('RÅDAL', 5239),
('FANA', 5243),
('FANA', 5244),
('SØREIDGREND', 5251),
('SØREIDGREND', 5252),
('SANDSLI', 5253),
('SANDSLI', 5254),
('KOKSTAD', 5257),
('BLOMSTERDALEN', 5258),
('HJELLESTAD', 5259),
('INDRE ARNA', 5260),
('INDRE ARNA', 5261),
('ARNATVEIT', 5262),
('TRENGEREID', 5263),
('GARNES', 5264),
('YTRE ARNA', 5265),
('ESPELAND', 5267),
('HAUKELAND', 5268),
('VALESTRANDSFOSSEN', 5281),
('LONEVÅG', 5282),
('FOTLANDSVÅG', 5283),
('TYSSEBOTNEN', 5284),
('BRUVIK', 5285),
('HAUS', 5286),
('VALESTRANDSFOSSEN', 5291),
('LONEVÅG', 5293),
('HAUS', 5299),
('KLEPPESTØ', 5300),
('KLEPPESTØ', 5301),
('STRUSSHAMN', 5302),
('FOLLESE', 5303),
('HETLEVIK', 5304),
('FLORVÅG', 5305),
('ERDAL', 5306),
('ASK', 5307),
('KLEPPESTØ', 5308),
('KLEPPESTØ', 5309),
('HAUGLANDSHELLA', 5310),
('KJERRGARDEN', 5311),
('KJERRGARDEN', 5314),
('HERDLA', 5315),
('STRUSSHAMN', 5318),
('KLEPPESTØ', 5319),
('KLEPPESTØ', 5321),
('KLEPPESTØ', 5322),
('KLEPPESTØ', 5323),
('FOLLESE', 5325),
('ASK', 5326),
('HAUGLANDSHELLA', 5327),
('FLORVÅG', 5329),
('RONG', 5331),
('TJELDSTØ', 5333),
('HELLESØY', 5334),
('HERNAR', 5335),
('TJELDSTØ', 5336),
('RONG', 5337),
('STRAUME', 5341),
('STRAUME', 5342),
('STRAUME', 5343),
('KNARREVIK', 5345),
('ÅGOTNES', 5346),
('ÅGOTNES', 5347),
('BRATTHOLMEN', 5350),
('STRAUME', 5353),
('STRAUME', 5354),
('KNARREVIK', 5355),
('FJELL', 5357),
('FJELL', 5358),
('KOLLTVEIT', 5360),
('ÅGOTNES', 5363),
('TURØY', 5365),
('MISJE', 5366),
('SKOGSVÅG', 5371),
('STEINSLAND', 5374),
('KLOKKARVIK', 5378),
('STEINSLAND', 5379),
('TÆLAVÅG', 5380),
('GLESVÆR', 5381),
('SKOGSVÅG', 5382),
('TORANGSVÅG', 5384),
('BAKKASUND', 5385),
('MØKSTER', 5387),
('LITLAKALSØY', 5388),
('STOREBØ', 5392),
('STOREBØ', 5393),
('KOLBEINSVIK', 5394),
('VESTRE VINNESVÅG', 5396),
('BEKKJARVIK', 5397),
('STOLMEN', 5398),
('BEKKJARVIK', 5399),
('STORD', 5401),
('STORD', 5402),
('STORD', 5403),
('STORD', 5404),
('STORD', 5406),
('STORD', 5407),
('SAGVÅG', 5408),
('STORD', 5409),
('SAGVÅG', 5410),
('STORD', 5411),
('STORD', 5412),
('HUGLO', 5413),
('STORD', 5414),
('STORD', 5415),
('STORD', 5416),
('STORD', 5417),
('FITJAR', 5418),
('FITJAR', 5419),
('RUBBESTADNESET', 5420),
('BRANDASUND', 5423),
('URANGSVÅG', 5427),
('FOLDRØYHAMN', 5428),
('BREMNES', 5430),
('FINNÅS', 5437),
('MOSTERHAMN', 5440),
('BØMLO', 5443),
('ESPEVÆR', 5444),
('BREMNES', 5445),
('MOSTERHAMN', 5447),
('BØMLO', 5449),
('SUNDE I SUNNHORDLAND', 5450),
('VALEN', 5451),
('SANDVOLL', 5452),
('UTÅKER', 5453),
('SÆBØVIK', 5454),
('HALSNØY KLOSTER', 5455),
('HØYLANDSBYGD', 5457),
('ARNAVIK', 5458),
('FJELBERG', 5459),
('HUSNES', 5460),
('HERØYSUNDET', 5462),
('USKEDALEN', 5463),
('DIMMELSVIK', 5464),
('USKEDALEN', 5465),
('ROSENDAL', 5470),
('SEIMSFOSS', 5472),
('SNILSTVEITØY', 5473),
('LØFALLSTRAND', 5474),
('ÆNES', 5475),
('MAURANGER', 5476),
('HUSNES', 5480),
('SÆBØVIK', 5484),
('ROSENDAL', 5486),
('MATRE', 5498),
('ÅKRA', 5499),
('HAUGESUND', 5501),
('HAUGESUND', 5502),
('HAUGESUND', 5503),
('HAUGESUND', 5504),
('HAUGESUND', 5505),
('HAUGESUND', 5506),
('HAUGESUND', 5507),
('KARMSUND', 5508),
('HAUGESUND', 5509),
('HAUGESUND', 5511),
('HAUGESUND', 5512),
('HAUGESUND', 5514),
('HAUGESUND', 5515),
('HAUGESUND', 5516),
('HAUGESUND', 5517),
('HAUGESUND', 5518),
('HAUGESUND', 5519),
('HAUGESUND', 5521),
('HAUGESUND', 5522),
('HAUGESUND', 5523),
('HAUGESUND', 5525),
('HAUGESUND', 5527),
('HAUGESUND', 5528),
('HAUGESUND', 5529),
('HAUGESUND', 5531),
('HAUGESUND', 5532),
('HAUGESUND', 5533),
('HAUGESUND', 5534),
('HAUGESUND', 5535),
('HAUGESUND', 5536),
('HAUGESUND', 5537),
('HAUGESUND', 5538),
('KOLNES', 5541),
('KARMSUND', 5542),
('VORMEDAL', 5544),
('VORMEDAL', 5545),
('RØYKSUND', 5546),
('UTSIRA', 5547),
('FEØY', 5548),
('RØVÆR', 5549),
('SVEIO', 5550),
('AUKLANDSHAMN', 5551),
('VALEVÅG', 5554),
('FØRDE I HORDALAND', 5555),
('SVEIO', 5559),
('NEDSTRAND', 5560),
('BOKN', 5561),
('NEDSTRAND', 5562),
('FØRRESFJORDEN', 5563),
('TYSVÆRVÅG', 5565),
('HERVIK', 5566),
('SKJOLDASTRAUMEN', 5567),
('VIKEBYGD', 5568),
('AKSDAL', 5570),
('SKJOLD', 5574),
('AKSDAL', 5575),
('ØVRE VATS', 5576),
('NEDRE VATS', 5578),
('ØLEN', 5580),
('ØLENSVÅG', 5582),
('VIKEDAL', 5583),
('BJOA', 5584),
('SANDEID', 5585),
('VIKEDAL', 5586),
('ØLEN', 5588),
('SANDEID', 5589),
('ETNE', 5590),
('ETNE', 5591),
('SKÅNEVIK', 5593),
('SKÅNEVIK', 5594),
('FØRRESFJORDEN', 5595),
('MARKHUS', 5596),
('FJÆRA', 5598),
('NORHEIMSUND', 5600),
('NORHEIMSUND', 5601),
('NORHEIMSUND', 5602),
('ØYSTESE', 5604),
('ÅLVIK', 5605),
('ØYSTESE', 5610),
('STEINSTØ', 5612),
('ÅLVIK', 5614),
('TØRVIKBYGD', 5620),
('KYSNESSTRAND', 5626),
('JONDAL', 5627),
('HERAND', 5628),
('JONDAL', 5629),
('STRANDEBARM', 5630),
('STRANDEBARM', 5631),
('OMASTRAND', 5632),
('OMASTRAND', 5633),
('HATLESTRAND', 5635),
('VARALDSØY', 5636),
('ØLVE', 5637),
('EIKELANDSOSEN', 5640),
('FUSA', 5641),
('HOLMEFJORD', 5642),
('STRANDVIK', 5643),
('SÆVAREID', 5644),
('SÆVAREID', 5645),
('NORDTVEITGREND', 5646),
('BALDERSHEIM', 5647),
('FUSA', 5648),
('EIKELANDSOSEN', 5649),
('TYSSE', 5650),
('TYSSE', 5651),
('ÅRLAND', 5652),
('ÅRLAND', 5653),
('TYSNES', 5680),
('REKSTEREN', 5683),
('UGGDAL', 5685),
('FLATRÅKER', 5687),
('LUNDEGREND', 5690),
('ÅRBAKKA', 5693),
('ONARHEIM', 5694),
('UGGDAL', 5695),
('TYSNES', 5696),
('VOSS', 5700),
('VOSS', 5701),
('VOSS', 5702),
('VOSS', 5703),
('VOSS', 5704),
('VOSS', 5705),
('VOSS', 5706),
('EVANGER', 5707),
('VOSS', 5708);
INSERT INTO `zipcode` (`place`, `zipcode`) VALUES
('VOSS', 5709),
('SKULESTADMO', 5710),
('SKULESTADMO', 5711),
('VOSSESTRAND', 5712),
('VOSSESTRAND', 5713),
('VOSS', 5714),
('STALHEIM', 5715),
('MYRDAL', 5718),
('FINSE', 5719),
('STANGHELLE', 5720),
('DALEKVAM', 5721),
('DALEKVAM', 5722),
('BOLSTADØYRI', 5723),
('STANGHELLE', 5724),
('VAKSDAL', 5725),
('VAKSDAL', 5726),
('STAMNES', 5727),
('EIDSLANDET', 5728),
('MODALEN', 5729),
('ULVIK', 5730),
('ULVIK', 5731),
('MODALEN', 5732),
('GRANVIN', 5733),
('VALLAVIK', 5734),
('GRANVIN', 5736),
('AURLAND', 5741),
('FLÅM', 5742),
('FLÅM', 5743),
('AURLAND', 5745),
('UNDREDAL', 5746),
('GUDVANGEN', 5747),
('STYVI', 5748),
('BAKKA', 5749),
('ODDA', 5750),
('ODDA', 5751),
('ODDA', 5752),
('RØLDAL', 5760),
('SKARE', 5763),
('TYSSEDAL', 5770),
('HOVLAND', 5773),
('NÅ', 5776),
('GRIMO', 5777),
('UTNE', 5778),
('UTNE', 5779),
('KINSARVIK', 5780),
('LOFTHUS', 5781),
('KINSARVIK', 5782),
('EIDFJORD', 5783),
('ØVRE EIDFJORD', 5784),
('VØRINGSFOSS', 5785),
('EIDFJORD', 5786),
('LOFTHUS', 5787),
('KINSARVIK', 5788),
('BERGEN', 5802),
('BERGEN', 5803),
('BERGEN', 5804),
('BERGEN', 5805),
('BERGEN', 5806),
('BERGEN', 5807),
('BERGEN', 5808),
('BERGEN', 5809),
('BERGEN', 5810),
('BERGEN', 5811),
('BERGEN', 5812),
('BERGEN', 5813),
('BERGEN', 5814),
('BERGEN', 5815),
('BERGEN', 5816),
('BERGEN', 5817),
('BERGEN', 5818),
('BERGEN', 5819),
('BERGEN', 5820),
('BERGEN', 5821),
('BERGEN', 5822),
('BERGEN', 5823),
('BERGEN', 5824),
('BERGEN', 5825),
('BERGEN', 5826),
('BERGEN', 5827),
('BERGEN', 5828),
('BERGEN', 5829),
('BERGEN', 5830),
('BERGEN', 5831),
('BERGEN', 5832),
('BERGEN', 5833),
('BERGEN', 5834),
('BERGEN', 5835),
('BERGEN', 5836),
('BERGEN', 5837),
('BERGEN', 5838),
('BERGEN', 5841),
('BERGEN', 5843),
('BERGEN', 5844),
('BERGEN', 5845),
('BERGEN', 5847),
('BERGEN', 5848),
('BERGEN', 5849),
('BERGEN', 5851),
('BERGEN', 5852),
('BERGEN', 5853),
('BERGEN', 5854),
('BERGEN', 5855),
('BERGEN', 5857),
('BERGEN', 5858),
('BERGEN', 5859),
('BERGEN', 5861),
('BERGEN', 5862),
('BERGEN', 5863),
('BERGEN', 5864),
('BERGEN', 5865),
('BERGEN', 5866),
('BERGEN', 5867),
('BERGEN', 5868),
('BERGEN', 5869),
('BERGEN', 5872),
('BERGEN', 5873),
('BERGEN', 5876),
('BERGEN', 5877),
('BERGEN', 5878),
('BERGEN', 5879),
('BERGEN', 5881),
('BERGEN', 5884),
('BERGEN', 5886),
('BERGEN', 5887),
('BERGEN', 5888),
('BERGEN', 5889),
('BERGEN', 5892),
('BERGEN', 5893),
('BERGEN', 5895),
('BERGEN', 5896),
('BERGEN', 5899),
('ISDALSTØ', 5902),
('ISDALSTØ', 5903),
('ISDALSTØ', 5904),
('FREKHAUG', 5906),
('ALVERSUND', 5907),
('ISDALSTØ', 5908),
('ALVERSUND', 5911),
('SEIM', 5912),
('EIKANGERVÅG', 5913),
('ISDALSTØ', 5914),
('HJELMÅS', 5915),
('ISDALSTØ', 5916),
('ROSSLAND', 5917),
('FREKHAUG', 5918),
('MANGER', 5931),
('MANGER', 5936),
('BØVÅGEN', 5937),
('SÆBØVÅGEN', 5938),
('SLETTA', 5939),
('AUSTRHEIM', 5941),
('AUSTRHEIM', 5943),
('FEDJE', 5947),
('FEDJE', 5948),
('LINDÅS', 5951),
('FONNES', 5952),
('FONNES', 5953),
('MONGSTAD', 5954),
('LINDÅS', 5955),
('HUNDVIN', 5956),
('MYKING', 5957),
('DALSØYRA', 5960),
('BREKKE', 5961),
('BJORDAL', 5962),
('EIVINDVIK', 5966),
('EIVINDVIK', 5967),
('BYRKNESØY', 5970),
('ÅNNELAND', 5977),
('MJØMNA', 5978),
('BYRKNESØY', 5979),
('MASFJORDNES', 5981),
('HAUGSVÆR', 5983),
('MATREDAL', 5984),
('HOSTELAND', 5986),
('HOSTELAND', 5987),
('OSTEREIDET', 5991),
('OSTEREIDET', 5993),
('VIKANES', 5994),
('ÅLESUND', 6001),
('ÅLESUND', 6002),
('ÅLESUND', 6003),
('ÅLESUND', 6004),
('ÅLESUND', 6005),
('ÅLESUND', 6006),
('ÅLESUND', 6007),
('ÅLESUND', 6008),
('ÅLESUND', 6009),
('ÅLESUND', 6010),
('ÅLESUND', 6011),
('ÅLESUND', 6012),
('ÅLESUND', 6013),
('ÅLESUND', 6014),
('ÅLESUND', 6015),
('ÅLESUND', 6016),
('ÅLESUND', 6017),
('ÅLESUND', 6018),
('ÅLESUND', 6019),
('ÅLESUND', 6020),
('ÅLESUND', 6021),
('ÅLESUND', 6022),
('ÅLESUND', 6023),
('ÅLESUND', 6024),
('ÅLESUND', 6025),
('ÅLESUND', 6026),
('ÅLESUND', 6028),
('LANGEVÅG', 6030),
('FISKARSTRAND', 6035),
('MAUSEIDVÅG', 6036),
('EIDSNES', 6037),
('FISKARSTRAND', 6038),
('LANGEVÅG', 6039),
('VIGRA', 6040),
('ÅLESUND', 6044),
('ÅLESUND', 6045),
('ÅLESUND', 6046),
('ÅLESUND', 6047),
('ÅLESUND', 6048),
('VALDERØYA', 6050),
('VALDERØYA', 6051),
('GISKE', 6052),
('GODØYA', 6055),
('ELLINGSØY', 6057),
('VALDERØYA', 6058),
('VIGRA', 6059),
('HAREID', 6060),
('BRANDAL', 6062),
('HJØRUNGAVÅG', 6063),
('HADDAL', 6064),
('ULSTEINVIK', 6065),
('ULSTEINVIK', 6067),
('EIKSUND', 6068),
('HAREID', 6069),
('TJØRVÅG', 6070),
('MOLTUSTRANDA', 6076),
('GURSKØY', 6080),
('GURSKEN', 6082),
('GJERDSVIKA', 6083),
('LARSNES', 6084),
('LARSNES', 6085),
('KVAMSØY', 6087),
('SANDSHAMN', 6089),
('FOSNAVÅG', 6090),
('FOSNAVÅG', 6091),
('FOSNAVÅG', 6092),
('LEINØY', 6094),
('BØLANDET', 6095),
('RUNDE', 6096),
('NERLANDSØY', 6098),
('FOSNAVÅG', 6099),
('VOLDA', 6100),
('VOLDA', 6101),
('VOLDA', 6102),
('VOLDA', 6103),
('VOLDA', 6104),
('VOLDA', 6105),
('VOLDA', 6106),
('AUSTEFJORDEN', 6110),
('FOLKESTAD', 6120),
('LAUVSTAD', 6133),
('FISKÅ', 6139),
('SYVDE', 6140),
('ROVDE', 6141),
('EIDSÅ', 6142),
('FISKÅ', 6143),
('SYLTE', 6144),
('ÅHEIM', 6146),
('ÅRAM', 6149),
('ØRSTA', 6150),
('ØRSTA', 6151),
('ØRSTA', 6152),
('ØRSTA', 6153),
('ØRSTA', 6154),
('ØRSTA', 6155),
('ØRSTA', 6156),
('HOVDEBYGDA', 6160),
('HOVDEBYGDA', 6161),
('SÆBØ', 6165),
('SÆBØ', 6166),
('VARTDAL', 6170),
('BARSTADVIK', 6174),
('TRANDAL', 6183),
('STORESTANDAL', 6184),
('BJØRKE', 6190),
('NORANGSFJORDEN', 6196),
('STRANDA', 6200),
('STRANDA', 6201),
('VALLDAL', 6210),
('VALLDAL', 6211),
('LIABYGDA', 6212),
('TAFJORD', 6213),
('NORDDAL', 6214),
('EIDSDAL', 6215),
('GEIRANGER', 6216),
('HELLESYLT', 6218),
('STRAUMGJERDE', 6220),
('IKORNNES', 6222),
('HUNDEIDVIK', 6224),
('SYKKYLVEN', 6230),
('STRAUMGJERDE', 6238),
('SYKKYLVEN', 6239),
('ØRSKOG', 6240),
('ØRSKOG', 6249),
('STORDAL', 6250),
('STORDAL', 6259),
('SKODJE', 6260),
('SKODJE', 6263),
('TENNFJORD', 6264),
('VATNE', 6265),
('BRATTVÅG', 6270),
('HILDRE', 6272),
('SØVIK', 6280),
('SØVIK', 6281),
('BRATTVÅG', 6282),
('VATNE', 6283),
('STOREKALVØY', 6285),
('HARAMSØY', 6290),
('KJERSTAD', 6292),
('LONGVA', 6293),
('FJØRTOFT', 6294),
('ÅNDALSNES', 6300),
('ÅNDALSNES', 6301),
('VEBLUNGSNES', 6310),
('INNFJORDEN', 6315),
('ISFJORDEN', 6320),
('VERMA', 6330),
('ISFJORDEN', 6339),
('EIDSBYGDA', 6350),
('ÅFARNES', 6360),
('MITTET', 6363),
('VISTDAL', 6364),
('MÅNDALEN', 6386),
('VÅGSTRANDA', 6387),
('VESTNES', 6390),
('TRESFJORD', 6391),
('VIKEBUKT', 6392),
('TOMREFJORD', 6393),
('FIKSDAL', 6394),
('REKDAL', 6395),
('VIKEBUKT', 6396),
('TRESFJORD', 6397),
('TOMREFJORD', 6398),
('VESTNES', 6399),
('MOLDE', 6401),
('MOLDE', 6402),
('MOLDE', 6403),
('MOLDE', 6404),
('MOLDE', 6405),
('MOLDE', 6407),
('AUREOSEN', 6408),
('MOLDE', 6409),
('MOLDE', 6410),
('MOLDE', 6411),
('MOLDE', 6412),
('MOLDE', 6413),
('MOLDE', 6414),
('MOLDE', 6415),
('MOLDE', 6416),
('SEKKEN', 6418),
('MOLDE', 6419),
('MOLDE', 6421),
('MOLDE', 6422),
('MOLDE', 6423),
('MOLDE', 6425),
('MOLDE', 6429),
('BUD', 6430),
('BUD', 6431),
('HUSTAD', 6433),
('MOLDE', 6434),
('MOLDE', 6435),
('MOLDE', 6436),
('ELNESVÅGEN', 6440),
('TORNES I ROMSDAL', 6443),
('FARSTAD', 6444),
('MALMEFJORDEN', 6445),
('ELNESVÅGEN', 6447),
('HJELSET', 6450),
('KLEIVE', 6453),
('HJELSET', 6454),
('KORTGARDEN', 6455),
('SKÅLA', 6456),
('BOLSØYA', 6457),
('EIDSVÅG I ROMSDAL', 6460),
('EIDSVÅG I ROMSDAL', 6461),
('RAUDSAND', 6462),
('ERESFJORD', 6470),
('EIKESDAL', 6472),
('MIDSUND', 6475),
('MIDSUND', 6476),
('AUKRA', 6480),
('AUKRA', 6481),
('ONA', 6483),
('SANDØY', 6484),
('ORTEN', 6486),
('HARØY', 6487),
('MYKLEBOST', 6488),
('EIDE', 6490),
('LYNGSTAD', 6493),
('VEVANG', 6494),
('EIDE', 6499),
('KRISTIANSUND N', 6501),
('KRISTIANSUND N', 6502),
('KRISTIANSUND N', 6503),
('KRISTIANSUND N', 6504),
('KRISTIANSUND N', 6506),
('KRISTIANSUND N', 6507),
('KRISTIANSUND N', 6508),
('KRISTIANSUND N', 6509),
('KRISTIANSUND N', 6510),
('KRISTIANSUND N', 6511),
('KRISTIANSUND N', 6512),
('KRISTIANSUND N', 6514),
('KRISTIANSUND N', 6515),
('KRISTIANSUND N', 6516),
('KRISTIANSUND N', 6517),
('KRISTIANSUND N', 6518),
('FREI', 6520),
('FREI', 6521),
('FREI', 6522),
('FREI', 6523),
('FREI', 6524),
('FREI', 6525),
('FREI', 6529),
('AVERØY', 6530),
('AVERØY', 6538),
('AVERØY', 6539),
('KRISTIANSUND N', 6546),
('KRISTIANSUND N', 6547),
('KRISTIANSUND N', 6548),
('KRISTIANSUND N', 6549),
('SMØLA', 6570),
('SMØLA', 6571),
('TUSTNA', 6590),
('SUNNDALSØRA', 6600),
('SUNNDALSØRA', 6601),
('ØKSENDAL', 6610),
('FURUGRENDA', 6611),
('GRØA', 6612),
('GJØRA', 6613),
('ÅLVUNDEID', 6620),
('ÅLVUNDFJORD', 6622),
('MEISINGSET', 6628),
('TORJULVÅGEN', 6629),
('TINGVOLL', 6630),
('BATNFJORDSØRA', 6631),
('GJEMNES', 6633),
('ANGVIK', 6636),
('FLEMMA', 6637),
('OSMARKA', 6638),
('TORVIKBUKT', 6639),
('KVANNE', 6640),
('STANGVIK', 6642),
('BØFJORDEN', 6643),
('BÆVERFJORD', 6644),
('TODALEN', 6645),
('SURNADAL', 6650),
('SURNA', 6652),
('ØVRE SURNADAL', 6653),
('VINDØLA', 6655),
('SURNADAL', 6656),
('RINDAL', 6657),
('RINDALSSKOGEN', 6658),
('RINDAL', 6659),
('ØYDEGARD', 6670),
('KVISVIK', 6674),
('HALSANAUSTAN', 6680),
('VÅGLAND', 6683),
('VALSØYBOTN', 6686),
('VALSØYFJORD', 6687),
('VÅGLAND', 6688),
('AURE', 6689),
('AURE', 6690),
('MJOSUNDET', 6693),
('FOLDFJORDEN', 6694),
('VIHALS', 6697),
('LESUND', 6698),
('KJØRSVIKBUGEN', 6699),
('MÅLØY', 6700),
('MÅLØY', 6701),
('MÅLØY', 6702),
('MÅLØY', 6703),
('DEKNEPOLLEN', 6704),
('RAUDEBERG', 6707),
('BRYGGJA', 6708),
('RAUDEBERG', 6710),
('BRYGGJA', 6711),
('ALMENNINGEN', 6713),
('SILDA', 6714),
('BARMEN', 6715),
('HUSEVÅG', 6716),
('FLATRAKET', 6717),
('DEKNEPOLLEN', 6718),
('SKATESTRAUMEN', 6719),
('SVELGEN', 6721),
('SVELGEN', 6723),
('BREMANGER', 6726),
('BREMANGER', 6727),
('KALVÅG', 6728),
('KALVÅG', 6729),
('DAVIK', 6730),
('RUGSUND', 6734),
('ÅLFOTEN', 6737),
('SELJE', 6740),
('SELJE', 6741),
('STADLANDET', 6750),
('STADLANDET', 6751),
('HORNINDAL', 6761),
('HORNINDAL', 6763),
('NORDFJORDEID', 6770),
('NORDFJORDEID', 6771),
('NORDFJORDEID', 6772),
('KJØLSDALEN', 6776),
('STÅRHEIM', 6777),
('LOTE', 6778),
('HOLMØYANE', 6779),
('STRYN', 6781),
('STRYN', 6782),
('STRYN', 6783),
('OLDEN', 6784),
('OLDEN', 6788),
('LOEN', 6789),
('OLDEDALEN', 6791),
('BRIKSDALSBRE', 6792),
('INNVIK', 6793),
('BLAKSÆTER', 6795),
('HOPLAND', 6796),
('UTVIK', 6797),
('HJELLEDALEN', 6798),
('OPPSTRYN', 6799),
('FØRDE', 6800),
('FØRDE', 6801),
('FØRDE', 6802),
('FØRDE', 6803),
('FØRDE', 6804),
('FØRDE', 6805),
('NAUSTDAL', 6806),
('FØRDE', 6807),
('FØRDE', 6808),
('FØRDE', 6809),
('FØRDE', 6810),
('FØRDE', 6811),
('FØRDE', 6812),
('FØRDE', 6813),
('FØRDE', 6814),
('FØRDE', 6815),
('NAUSTDAL', 6817),
('HAUKEDALEN', 6818),
('FØRDE', 6819),
('SANDANE', 6821),
('SANDANE', 6822),
('SANDANE', 6823),
('BYRKJELO', 6826),
('BREIM', 6827),
('HESTENESØYRA', 6828),
('HYEN', 6829),
('SKEI I JØLSTER', 6841),
('SKEI I JØLSTER', 6843),
('VASSENDEN', 6847),
('FJÆRLAND', 6848),
('KAUPANGER', 6849),
('SOGNDAL', 6851),
('SOGNDAL', 6852),
('SOGNDAL', 6853),
('KAUPANGER', 6854),
('FRØNNINGEN', 6855),
('SOGNDAL', 6856),
('FARDAL', 6858),
('SLINDE', 6859),
('LEIKANGER', 6861),
('LEIKANGER', 6863),
('GAUPNE', 6866),
('GAUPNE', 6868),
('HAFSLO', 6869),
('ORNES', 6870),
('JOSTEDAL', 6871),
('LUSTER', 6872),
('MARIFJØRA', 6873),
('HØYHEIMSVIK', 6875),
('SKJOLDEN', 6876),
('FORTUN', 6877),
('VEITASTROND', 6878),
('SOLVORN', 6879),
('ÅRDALSTANGEN', 6881),
('ØVRE ÅRDAL', 6882),
('ØVRE ÅRDAL', 6884),
('ÅRDALSTANGEN', 6885),
('LÆRDAL', 6886),
('LÆRDAL', 6887),
('BORGUND', 6888),
('VIK I SOGN', 6891),
('VIK I SOGN', 6893),
('VANGSNES', 6894),
('FEIOS', 6895),
('FRESVIK', 6896),
('BALESTRAND', 6898),
('BALESTRAND', 6899),
('FLORØ', 6900),
('FLORØ', 6901),
('FLORØ', 6902),
('FLORØ', 6903),
('FLORØ', 6909),
('KINN', 6912),
('SVANØYBUKT', 6914),
('ROGNALDSVÅG', 6915),
('BAREKSTAD', 6916),
('BATALDEN', 6917),
('SØR-SKORPA', 6918),
('TANSØY', 6919),
('HARDBAKKE', 6921),
('HARDBAKKE', 6924),
('KRAKHELLA', 6926),
('YTRØYGREND', 6927),
('KOLGROV', 6928),
('HERSVIKBYGDA', 6929),
('EIKEFJORD', 6940),
('EIKEFJORD', 6941),
('SVORTEVIK', 6942),
('STAVANG', 6944),
('LAVIK', 6946),
('LAVIK', 6947),
('LEIRVIK I SOGN', 6951),
('LEIRVIK I SOGN', 6953),
('HYLLESTAD', 6957),
('SØRBØVÅG', 6958),
('DALE I SUNNFJORD', 6961),
('DALE I SUNNFJORD', 6963),
('KORSSUND', 6964),
('GUDDAL', 6966),
('HELLEVIK I FJALER', 6967),
('FLEKKE', 6968),
('STRAUMSNES', 6969),
('SANDE I SUNNFJORD', 6971),
('SANDE I SUNNFJORD', 6973),
('SKILBREI', 6975),
('BYGSTAD', 6977),
('VIKSDALEN', 6978),
('ASKVOLL', 6980),
('HOLMEDAL', 6981),
('HOLMEDAL', 6982),
('KVAMMEN', 6983),
('STONGFJORDEN', 6984),
('ATLØY', 6985),
('VÆRLANDET', 6986),
('BULANDET', 6987),
('ASKVOLL', 6988),
('HØYANGER', 6991),
('HØYANGER', 6993),
('KYRKJEBØ', 6995),
('VADHEIM', 6996),
('Trondheim', 7000),
('Trondheim', 7001),
('Trondheim', 7002),
('TRONDHEIM', 7003),
('TRONDHEIM', 7004),
('TRONDHEIM', 7005),
('TRONDHEIM', 7006),
('Trondheim', 7007),
('Trondheim', 7008),
('Trondheim', 7009),
('TRONDHEIM', 7010),
('TRONDHEIM', 7011),
('TRONDHEIM', 7012),
('TRONDHEIM', 7013),
('TRONDHEIM', 7014),
('TRONDHEIM', 7015),
('TRONDHEIM', 7016),
('TRONDHEIM', 7017),
('TRONDHEIM', 7018),
('TRONDHEIM', 7019),
('TRONDHEIM', 7020),
('TRONDHEIM', 7021),
('TRONDHEIM', 7022),
('TRONDHEIM', 7023),
('TRONDHEIM', 7024),
('TRONDHEIM', 7025),
('TRONDHEIM', 7026),
('TRONDHEIM', 7027),
('TRONDHEIM', 7028),
('TRONDHEIM', 7029),
('TRONDHEIM', 7030),
('TRONDHEIM', 7031),
('TRONDHEIM', 7032),
('TRONDHEIM', 7033),
('TRONDHEIM', 7034),
('TRONDHEIM', 7035),
('TRONDHEIM', 7036),
('TRONDHEIM', 7037),
('TRONDHEIM', 7038),
('TRONDHEIM', 7039),
('TRONDHEIM', 7040),
('TRONDHEIM', 7041),
('TRONDHEIM', 7042),
('TRONDHEIM', 7043),
('TRONDHEIM', 7044),
('TRONDHEIM', 7045),
('TRONDHEIM', 7046),
('TRONDHEIM', 7047),
('TRONDHEIM', 7048),
('TRONDHEIM', 7049),
('TRONDHEIM', 7050),
('TRONDHEIM', 7051),
('TRONDHEIM', 7052),
('RANHEIM', 7053),
('RANHEIM', 7054),
('RANHEIM', 7055),
('RANHEIM', 7056),
('JONSVATNET', 7057),
('JAKOBSLI', 7058),
('JAKOBSLI', 7059),
('Trondheim', 7060),
('Trondheim', 7061),
('Trondheim', 7062),
('Trondheim', 7063),
('Trondheim', 7064),
('Trondheim', 7065),
('Trondheim', 7066),
('TRONDHEIM', 7067),
('TRONDHEIM', 7068),
('TRONDHEIM', 7069),
('BOSBERG', 7070),
('TRONDHEIM', 7071),
('HEIMDAL', 7072),
('Trondheim', 7073),
('SPONGDAL', 7074),
('TILLER', 7075),
('Trondheim', 7076),
('Trondheim', 7077),
('SAUPSTAD', 7078),
('FLATÅSEN', 7079),
('HEIMDAL', 7080),
('SJETNEMARKA', 7081),
('KATTEM', 7082),
('LEINSTRAND', 7083),
('Trondheim', 7084),
('Trondheim', 7085),
('Trondheim', 7086),
('Trondheim', 7087),
('HEIMDAL', 7088),
('HEIMDAL', 7089),
('Trondheim', 7090),
('TILLER', 7091),
('TILLER', 7092),
('TILLER', 7093),
('Trondheim', 7094),
('Trondheim', 7095),
('Trondheim', 7096),
('SAUPSTAD', 7097),
('SAUPSTAD', 7098),
('FLATÅSEN', 7099),
('RISSA', 7100),
('RISSA', 7101),
('STADSBYGD', 7105),
('FEVÅG', 7110),
('HASSELVIKA', 7112),
('HUSBYSJØEN', 7113),
('RÅKVÅG', 7114),
('STADSBYGD', 7119),
('LEKSVIK', 7120),
('LEKSVIK', 7121),
('VANVIKAN', 7125),
('VANVIKAN', 7126),
('OPPHAUG', 7127),
('BREKSTAD', 7129),
('BREKSTAD', 7130),
('OPPHAUG', 7140),
('UTHAUG', 7142),
('STORFOSNA', 7150),
('KRÅKVÅG', 7152),
('GARTEN', 7153),
('LEKSA', 7156),
('BJUGN', 7159),
('BJUGN', 7160),
('OKSVOLL', 7165),
('TARVA', 7166),
('VALLERSUND', 7167),
('LYSØYSUNDET', 7168),
('ÅFJORD', 7169),
('ÅFJORD', 7170),
('LINESØYA', 7176),
('REVSNES', 7177),
('STOKKØY', 7178),
('ROAN', 7180),
('BESSAKER', 7190),
('BRANDSFJORD', 7194),
('KYRKSÆTERØRA', 7200),
('KYRKSÆTERØRA', 7201),
('VINJEØRA', 7203),
('HELLANDSJØEN', 7206),
('KORSVEGEN', 7211),
('KORSVEGEN', 7212),
('GÅSBAKKEN', 7213),
('MELHUS', 7221),
('MELHUS', 7223),
('MELHUS', 7224),
('GIMSE', 7227),
('KVÅL', 7228),
('LUNDAMO', 7231),
('LUNDAMO', 7232),
('LER', 7234),
('LER', 7235),
('HOVIN I GAULDAL', 7236),
('HOVIN I GAULDAL', 7238),
('HITRA', 7239),
('HITRA', 7240),
('ANSNES', 7241),
('KNARRLAGSUND', 7242),
('KVENVÆR', 7243),
('SANDSTAD', 7246),
('HESTVIKA', 7247),
('MELANDSJØ', 7250),
('DOLMØY', 7252),
('SUNDLANDET', 7255),
('HEMNSKJELA', 7256),
('SNILLFJORD', 7257),
('SNILLFJORD', 7259),
('SISTRANDA', 7260),
('SISTRANDA', 7261),
('HAMARVIK', 7263),
('HAMARVIK', 7264),
('KVERVA', 7266),
('TITRAN', 7268),
('DYRVIK', 7270),
('NORDDYRØY', 7273),
('SULA', 7280),
('BOGØYVÆR', 7282),
('MAUSUND', 7284),
('GJÆSINGEN', 7285),
('SØRBURØY', 7286),
('SAUØY', 7287),
('SOKNEDAL', 7288),
('SOKNEDAL', 7289),
('STØREN', 7290),
('STØREN', 7291),
('ROGNES', 7295),
('BUDALEN', 7298),
('ORKANGER', 7300),
('ORKANGER', 7301),
('ORKANGER', 7302),
('GJØLME', 7310),
('LENSVIK', 7315),
('LENSVIK', 7316),
('AGDENES', 7318),
('AGDENES', 7319),
('FANNREM', 7320),
('FANNREM', 7321),
('SVORKMO', 7327),
('SVORKMO', 7329),
('LØKKEN VERK', 7331),
('LØKKEN VERK', 7332),
('STORÅS', 7333),
('STORÅS', 7334),
('JERPSTAD', 7335),
('MELDAL', 7336),
('MELDAL', 7338),
('OPPDAL', 7340),
('OPPDAL', 7341),
('LØNSET', 7342),
('VOGNILL', 7343),
('DRIVA', 7345),
('BUVIKA', 7350),
('BUVIKA', 7351),
('BØRSA', 7353),
('VIGGJA', 7354),
('EGGKLEIVA', 7355),
('SKAUN', 7357),
('BØRSA', 7358),
('RØROS', 7361),
('BREKKEBYGD', 7370),
('GLÅMOS', 7372),
('RØROS', 7374),
('ÅLEN', 7380),
('HALTDALEN', 7383),
('ÅLEN', 7384),
('SINGSÅS', 7386),
('SINGSÅS', 7387),
('RENNEBU', 7391),
('RENNEBU', 7392),
('RENNEBU', 7393),
('RENNEBU', 7397),
('RENNEBU', 7398),
('RENNEBU', 7399),
('TRONDHEIM', 7400),
('TRONDHEIM', 7401),
('TRONDHEIM', 7402),
('TRONDHEIM', 7403),
('TRONDHEIM', 7404),
('TRONDHEIM', 7405),
('TRONDHEIM', 7406),
('TRONDHEIM', 7407),
('TRONDHEIM', 7408),
('TRONDHEIM', 7409),
('TRONDHEIM', 7410),
('TRONDHEIM', 7411),
('TRONDHEIM', 7412),
('TRONDHEIM', 7413),
('TRONDHEIM', 7414),
('TRONDHEIM', 7415),
('TRONDHEIM', 7416),
('TRONDHEIM', 7417),
('TRONDHEIM', 7418),
('TRONDHEIM', 7419),
('TRONDHEIM', 7420),
('TRONDHEIM', 7421),
('TRONDHEIM', 7422),
('TRONDHEIM', 7424),
('TRONDHEIM', 7425),
('TRONDHEIM', 7426),
('TRONDHEIM', 7427),
('TRONDHEIM', 7428),
('TRONDHEIM', 7429),
('TRONDHEIM', 7430),
('TRONDHEIM', 7431),
('TRONDHEIM', 7432),
('TRONDHEIM', 7433),
('TRONDHEIM', 7434),
('TRONDHEIM', 7435),
('TRONDHEIM', 7436),
('TRONDHEIM', 7437),
('TRONDHEIM', 7438),
('TRONDHEIM', 7439),
('TRONDHEIM', 7440),
('TRONDHEIM', 7441),
('TRONDHEIM', 7442),
('TRONDHEIM', 7443),
('TRONDHEIM', 7444),
('TRONDHEIM', 7445),
('TRONDHEIM', 7446),
('TRONDHEIM', 7447),
('TRONDHEIM', 7448),
('TRONDHEIM', 7449),
('TRONDHEIM', 7450),
('TRONDHEIM', 7451),
('TRONDHEIM', 7452),
('TRONDHEIM', 7453),
('TRONDHEIM', 7454),
('TRONDHEIM', 7455),
('TRONDHEIM', 7456),
('TRONDHEIM', 7457),
('TRONDHEIM', 7458),
('TRONDHEIM', 7459),
('TRONDHEIM', 7461),
('TRONDHEIM', 7462),
('TRONDHEIM', 7463),
('TRONDHEIM', 7465),
('TRONDHEIM', 7466),
('TRONDHEIM', 7467),
('TRONDHEIM', 7468),
('TRONDHEIM', 7469),
('TRONDHEIM', 7470),
('TRONDHEIM', 7471),
('TRONDHEIM', 7472),
('TRONDHEIM', 7473),
('TRONDHEIM', 7474),
('TRONDHEIM', 7475),
('TRONDHEIM', 7476),
('TRONDHEIM', 7477),
('TRONDHEIM', 7478),
('TRONDHEIM', 7479),
('TRONDHEIM', 7480),
('TRONDHEIM', 7481),
('TRONDHEIM', 7482),
('TRONDHEIM', 7483),
('TRONDHEIM', 7484),
('TRONDHEIM', 7485),
('TRONDHEIM', 7486),
('TRONDHEIM', 7487),
('TRONDHEIM', 7488),
('TRONDHEIM', 7489),
('TRONDHEIM', 7490),
('TRONDHEIM', 7491),
('TRONDHEIM', 7492),
('TRONDHEIM', 7493),
('TRONDHEIM', 7494),
('TRONDHEIM', 7495),
('TRONDHEIM', 7496),
('TRONDHEIM', 7497),
('STJØRDAL', 7500),
('STJØRDAL', 7501),
('STJØRDAL', 7502),
('STJØRDAL', 7503),
('STJØRDAL', 7504),
('STJØRDAL', 7505),
('STJØRDAL', 7506),
('STJØRDAL', 7507),
('STJØRDAL', 7508),
('STJØRDAL', 7509),
('SKATVAL', 7510),
('STJØRDAL', 7512),
('STJØRDAL', 7513),
('STJØRDAL', 7514),
('HELL', 7517),
('ELVARLI', 7519),
('HEGRA', 7520),
('FLORNES', 7525),
('HEGRA', 7529),
('MERÅKER', 7530),
('MERÅKER', 7531),
('KOPPERÅ', 7533),
('KLÆBU', 7540),
('KLÆBU', 7541),
('TANEM', 7549),
('HOMMELVIK', 7550),
('HOMMELVIK', 7551),
('VIKHAMMER', 7560),
('SAKSVIK', 7562),
('MALVIK', 7563),
('VIKHAMMER', 7566),
('HELL', 7570),
('SELBU', 7580),
('SELBU', 7581),
('SELBU', 7583),
('SELBUSTRAND', 7584),
('TYDAL', 7590),
('TYDAL', 7591),
('FLAKNAN', 7596),
('LEVANGER', 7600),
('LEVANGER', 7601),
('LEVANGER', 7602),
('LEVANGER', 7603),
('LEVANGER', 7604),
('LEVANGER', 7605),
('LEVANGER', 7606),
('LEVANGER', 7607),
('LEVANGER', 7608),
('LEVANGER', 7609),
('LEVANGER', 7610),
('SKOGN', 7619),
('SKOGN', 7620),
('MARKABYGDA', 7622),
('RONGLAN', 7623),
('EKNE', 7624),
('YTTERØY', 7629),
('ÅSEN', 7630),
('ÅSEN', 7631),
('ÅSENFJORD', 7632),
('FROSTA', 7633),
('FROSTA', 7634),
('VERDAL', 7650),
('VERDAL', 7651),
('VERDAL', 7652),
('VERDAL', 7653),
('VERDAL', 7654),
('VERDAL', 7655),
('VERDAL', 7656),
('VERDAL', 7657),
('VERDAL', 7658),
('VUKU', 7660),
('INDERØY', 7670),
('INDERØY', 7671),
('INDERØY', 7672),
('MOSVIK', 7690),
('STEINKJER', 7701),
('STEINKJER', 7702),
('STEINKJER', 7703),
('STEINKJER', 7704),
('STEINKJER', 7705),
('STEINKJER', 7707),
('STEINKJER', 7708),
('STEINKJER', 7709),
('SPARBU', 7710),
('STEINKJER', 7711),
('STEINKJER', 7712),
('STEINKJER', 7713),
('STEINKJER', 7714),
('STEINKJER', 7715),
('STEINKJER', 7716),
('STEINKJER', 7717),
('STEINKJER', 7718),
('STEINKJER', 7724),
('STEINKJER', 7725),
('STEINKJER', 7726),
('STEINKJER', 7729),
('BEITSTAD', 7730),
('STEINKJER', 7732),
('STEINKJER', 7734),
('STEINKJER', 7735),
('STEINKJER', 7736),
('STEINKJER', 7737),
('STEINKJER', 7738),
('BEITSTAD', 7739),
('STEINSDALEN', 7740),
('STEINSDALEN', 7741),
('YTTERVÅG', 7742),
('HEPSØY', 7744),
('OPPLAND', 7745),
('HASVÅG', 7746),
('SÆTERVIK', 7748),
('NAMDALSEID', 7750),
('NAMDALSEID', 7751),
('SNÅSA', 7760),
('SNÅSA', 7761),
('FLATANGER', 7770),
('FLATANGER', 7771),
('NORD-STATLAND', 7777),
('MALM', 7790),
('MALM', 7791),
('FOLLAFOSS', 7796),
('VERRABOTN', 7797),
('NAMSOS', 7800),
('NAMSOS', 7801),
('NAMSOS', 7802),
('NAMSOS', 7803),
('NAMSOS', 7804),
('NAMSOS', 7805),
('NAMSOS', 7808),
('NAMSOS', 7810),
('SALSNES', 7817),
('LUND', 7818),
('FOSSLANDSOSEN', 7819),
('SPILLUM', 7820),
('SPILLUM', 7821),
('BANGSUND', 7822),
('JØA', 7856),
('SKAGE I NAMDALEN', 7860),
('OVERHALLA', 7863),
('OVERHALLA', 7864),
('SKAGE I NAMDALEN', 7869),
('GRONG', 7870),
('GRONG', 7871),
('HARRAN', 7873),
('NORDLI', 7882),
('SØRLI', 7884),
('NAMSSKOGAN', 7890),
('TRONES', 7892),
('SKOROVATN', 7893),
('BREKKVASSELV', 7896),
('LIMINGEN', 7898),
('RØRVIK', 7900),
('RØRVIK', 7901),
('OTTERSØY', 7940),
('INDRE NÆRØY', 7944),
('ABELVÆR', 7950),
('SALSBRUKET', 7960),
('KOLVEREID', 7970),
('KOLVEREID', 7971),
('GJERDINGA', 7973),
('KONGSMOEN', 7976),
('HØYLANDET', 7977),
('TERRÅK', 7980),
('HARANGSFJORD', 7981),
('BINDALSEIDET', 7982),
('FOLDEREID', 7985),
('NAUSTBUKTA', 7990),
('GUTVIK', 7993),
('LEKA', 7994),
('BODØ', 8001),
('BODØ', 8002),
('BODØ', 8003),
('BODØ', 8004),
('BODØ', 8005),
('BODØ', 8006),
('BODØ', 8007),
('BODØ', 8008),
('BODØ', 8009),
('BODØ', 8010),
('BODØ', 8011),
('BODØ', 8012),
('BODØ', 8013),
('BODØ', 8014),
('BODØ', 8015),
('BODØ', 8016),
('BODØ', 8019),
('BODØ', 8020),
('BODØ', 8021),
('BODØ', 8022),
('BODØ', 8023),
('BODØ', 8026),
('BODØ', 8027),
('BODØ', 8028),
('BODØ', 8029),
('BODØ', 8030),
('BODØ', 8031),
('BODØ', 8037),
('BODØ', 8038),
('BODØ', 8041),
('BODØ', 8047),
('BODØ', 8048),
('BODØ', 8049),
('TVERLANDET', 8050),
('SALTSTRAUMEN', 8056),
('TVERLANDET', 8058),
('VÆRØY', 8063),
('RØST', 8064),
('BODØ', 8070),
('BODØ', 8071),
('BODØ', 8072),
('BODØ', 8073),
('BODØ', 8074),
('BODØ', 8075),
('BODØ', 8076),
('BODØ', 8079),
('BODØ', 8084),
('BODØ', 8086),
('BODØ', 8087),
('BODØ', 8088),
('BODØ', 8089),
('BODØ', 8091),
('BODØ', 8092),
('KJERRINGØY', 8093),
('FLEINVÆR', 8094),
('HELLIGVÆR', 8095),
('BLIKSVÆR', 8096),
('GIVÆR', 8097),
('LANDEGODE', 8098),
('JAN MAYEN', 8099),
('MISVÆR', 8100),
('SKJERSTAD', 8102),
('BREIVIK I SALTEN', 8103),
('MISVÆR', 8108),
('MOLDJORD', 8110),
('TOLLÅ', 8114),
('MOLDJORD', 8118),
('NYGÅRDSJØEN', 8120),
('YTRE BEIARN', 8128),
('SANDHORNØY', 8130),
('SØRARNØY', 8135),
('NORDARNØY', 8136),
('INNDYR', 8138),
('INNDYR', 8140),
('STORVIK', 8145),
('REIPÅ', 8146),
('NEVERDAL', 8149),
('ØRNES', 8150),
('ØRNES', 8151),
('MELØY', 8157),
('BOLGA', 8158),
('STØTT', 8159),
('GLOMFJORD', 8160),
('GLOMFJORD', 8161),
('ENGAVÅGEN', 8168),
('ENGAVÅGEN', 8170),
('HALSA', 8178),
('MYKEN', 8181),
('MELFJORDBOTN', 8182),
('ÅGSKARDET', 8184),
('VÅGAHOLMEN', 8185),
('TJONGSFJORDEN', 8186),
('JEKTVIK', 8187),
('NORDVERNES', 8188),
('GJERSVIKGRENDA', 8189),
('SØRFJORDEN', 8190),
('RØDØY', 8193),
('GJERØY', 8195),
('SELSØYVIK', 8196),
('STORSELSØY', 8197),
('NORDNESØY', 8198),
('FAUSKE', 8200),
('FAUSKE', 8201),
('FAUSKE', 8202),
('FAUSKE', 8203),
('FAUSKE', 8205),
('FAUSKE', 8206),
('FAUSKE', 8207),
('FAUSKE', 8208),
('FAUSKE', 8209),
('FAUSKE', 8210),
('FAUSKE', 8211),
('FAUSKE', 8214),
('VALNESFJORD', 8215),
('FAUSKE', 8218),
('FAUSKE', 8219),
('RØSVIK', 8220),
('STRAUMEN', 8226),
('SULITJELMA', 8230),
('SULITJELMA', 8231),
('STRAUMEN', 8232),
('VALNESFJORD', 8233),
('ROGNAN', 8250),
('ROGNAN', 8251),
('RØKLAND', 8255),
('RØKLAND', 8256),
('INNHAVET', 8260),
('INNHAVET', 8261),
('ENGAN', 8264),
('MØRSVIKBOTN', 8266),
('DRAG', 8270),
('DRAG', 8271),
('NEVERVIK', 8273),
('MUSKEN', 8274),
('STORJORD I TYSFJORD', 8275),
('ULVSVÅG', 8276),
('STORÅ', 8278),
('LEINESFJORD', 8281),
('LEINESFJORD', 8283),
('LEINES', 8285),
('NORDFOLD', 8286),
('BOGØY', 8288),
('ENGELØYA', 8289),
('SKUTVIK', 8290),
('HAMARØY', 8294),
('TRANØY', 8297),
('HAMARØY', 8298),
('SVOLVÆR', 8300),
('SVOLVÆR', 8301),
('SVOLVÆR', 8305),
('KABELVÅG', 8309),
('KABELVÅG', 8310),
('HENNINGSVÆR', 8311),
('HENNINGSVÆR', 8312),
('KLEPPSTAD', 8313),
('GIMSØYSAND', 8314),
('LAUKVIK', 8315),
('LAUPSTAD', 8316),
('STRØNSTAD', 8317),
('SKROVA', 8320),
('BRETTESNES', 8322),
('STORFJELL', 8323),
('DIGERMULEN', 8324),
('TENGELFJORD', 8325),
('MYRLAND', 8326),
('STOREMOLLA', 8328),
('STAMSUND', 8340),
('SENNESVIK', 8352),
('VALBERG', 8357),
('BØSTAD', 8360),
('LEKNES', 8370),
('GRAVDAL', 8372),
('BALLSTAD', 8373),
('LEKNES', 8376),
('GRAVDAL', 8377),
('STAMSUND', 8378),
('RAMBERG', 8380),
('NAPP', 8382),
('SUND I LOFOTEN', 8384),
('FREDVANG', 8387),
('RAMBERG', 8388),
('REINE', 8390),
('SØRVÅGEN', 8392),
('SØRVÅGEN', 8393),
('REINE', 8398),
('SORTLAND', 8400),
('SORTLAND', 8401),
('SORTLAND', 8402),
('SORTLAND', 8403),
('SORTLAND', 8404),
('SORTLAND', 8405),
('SORTLAND', 8406),
('SORTLAND', 8407),
('SORTLAND', 8408),
('GULLESFJORD', 8409),
('LØDINGEN', 8410),
('LØDINGEN', 8411),
('VESTBYGD', 8412),
('KVITNES', 8413),
('HENNES', 8414),
('SORTLAND', 8415),
('SORTLAND', 8416),
('BARKESTAD', 8426),
('TUNSTAD', 8428),
('MYRE', 8430),
('ALSVÅG', 8432),
('STØ', 8438),
('MYRE', 8439),
('MELBU', 8445),
('LONKAN', 8447),
('STOKMARKNES', 8450),
('STOKMARKNES', 8455),
('MELBU', 8459),
('STRAUMSJØEN', 8465),
('BØ I VESTERÅLEN', 8469),
('BØ I VESTERÅLEN', 8470),
('STRAUMSJØEN', 8475),
('ANDENES', 8480),
('BLEIK', 8481),
('ANDENES', 8483),
('RISØYHAMN', 8484),
('DVERBERG', 8485),
('NØSS', 8488),
('NORDMELA', 8489),
('RISØYHAMN', 8493),
('NARVIK', 8501),
('NARVIK', 8502),
('NARVIK', 8503),
('NARVIK', 8504),
('NARVIK', 8505),
('NARVIK', 8506),
('NARVIK', 8507),
('NARVIK', 8508),
('NARVIK', 8509),
('NARVIK', 8510),
('NARVIK', 8512),
('ANKENES', 8513),
('NARVIK', 8514),
('NARVIK', 8515),
('NARVIK', 8516),
('NARVIK', 8517),
('NARVIK', 8518),
('ANKENES', 8520),
('BEISFJORD', 8522),
('ELVEGÅRD', 8523),
('BJERKVIK', 8530),
('BJERKVIK', 8531),
('BOGEN I OFOTEN', 8533),
('LILAND', 8534),
('TÅRSTAD', 8535),
('EVENES', 8536),
('BOGEN I OFOTEN', 8539),
('BALLANGEN', 8540),
('KJELDEBOTN', 8543),
('BALLANGEN', 8546),
('KJØPSVIK', 8590),
('KJØPSVIK', 8591),
('MO I RANA', 8601),
('MO I RANA', 8602),
('MO I RANA', 8603),
('MO I RANA', 8604),
('MO I RANA', 8607),
('MO I RANA', 8608),
('MO I RANA', 8610),
('MO I RANA', 8613),
('MO I RANA', 8614),
('SKONSENG', 8615),
('MO I RANA', 8616),
('DALSGRENDA', 8617),
('MO I RANA', 8618),
('MO I RANA', 8622),
('MO I RANA', 8624),
('MO I RANA', 8626),
('STORFORSHEI', 8630),
('MO I RANA', 8634),
('STORFORSHEI', 8638),
('HEMNESBERGET', 8640),
('HEMNESBERGET', 8641),
('FINNEIDFJORD', 8642),
('BJERKA', 8643),
('KORGEN', 8646),
('BLEIKVASSLIA', 8647),
('KORGEN', 8648),
('MOSJØEN', 8651),
('MOSJØEN', 8652),
('MOSJØEN', 8654),
('MOSJØEN', 8655),
('MOSJØEN', 8656),
('MOSJØEN', 8657),
('MOSJØEN', 8658),
('MOSJØEN', 8659),
('MOSJØEN', 8660),
('MOSJØEN', 8661),
('MOSJØEN', 8663),
('MOSJØEN', 8664),
('MOSJØEN', 8665),
('MOSJØEN', 8666),
('ELSFJORD', 8672),
('TROFORS', 8680),
('TROFORS', 8681),
('HATTFJELLDAL', 8690),
('HATTFJELLDAL', 8691),
('NESNA', 8700),
('NESNA', 8701),
('VIKHOLMEN', 8720),
('HUSBY', 8723),
('SAURA', 8724),
('UTSKARPEN', 8725),
('BRATLAND', 8730),
('ALDRA', 8732),
('STUVLAND', 8733),
('STOKKVÅGEN', 8735),
('NORD-SOLVÆR', 8740),
('SELVÆR', 8742),
('INDRE KVARØY', 8743),
('TONNES', 8750),
('KONSVIKOSEN', 8752),
('KONSVIKOSEN', 8753),
('ØRESVIK', 8754),
('SLENESET', 8762),
('LOVUND', 8764),
('LURØY', 8766),
('LURØY', 8767),
('TRÆNA', 8770),
('SANDNESSJØEN', 8800),
('SANDNESSJØEN', 8801),
('SANDNESSJØEN', 8802),
('SANDNESSJØEN', 8803),
('SANDNESSJØEN', 8804),
('SANDNESSJØEN', 8805),
('SANDNESSJØEN', 8809),
('LØKTA', 8813),
('DØNNA', 8820),
('DØNNA', 8827),
('VANDVE', 8830),
('BRASØY', 8842),
('SANDVÆR', 8844),
('HERØY', 8850),
('HERØY', 8851),
('HERØY', 8852),
('AUSTBØ', 8854),
('TJØTTA', 8860),
('TJØTTA', 8861),
('TRO', 8865),
('VISTHUS', 8870),
('BÆRØYVÅGEN', 8880),
('LEIRFJORD', 8890),
('LEIRFJORD', 8891),
('SUNDØY', 8892),
('BARDAL', 8897),
('BRØNNØYSUND', 8900),
('BRØNNØYSUND', 8901),
('BRØNNØYSUND', 8902),
('BRØNNØYSUND', 8904),
('BRØNNØYSUND', 8905),
('BRØNNØYSUND', 8906),
('BRØNNØYSUND', 8907),
('BRØNNØYSUND', 8908),
('BRØNNØYSUND', 8909),
('BRØNNØYSUND', 8910),
('SØMNA', 8920),
('SØMNA', 8921),
('SØMNA', 8922),
('VELFJORD', 8960),
('VELFJORD', 8961),
('VEVELSTAD', 8976),
('VEGA', 8980),
('VEGA', 8981),
('YLVINGEN', 8985),
('TROMSØ', 9006),
('TROMSØ', 9007),
('TROMSØ', 9008),
('TROMSØ', 9009),
('TROMSØ', 9010),
('TROMSØ', 9011),
('TROMSØ', 9012),
('TROMSØ', 9013),
('TROMSØ', 9014),
('TROMSØ', 9015),
('TROMSØ', 9016),
('TROMSØ', 9017),
('TROMSØ', 9018),
('TROMSØ', 9019),
('TROMSDALEN', 9020),
('KROKELVDALEN', 9022),
('TOMASJORD', 9024),
('RAMFJORDBOTN', 9027),
('TROMSDALEN', 9029),
('SJURSNES', 9030),
('OLDERVIK', 9034),
('TROMSØ', 9037),
('TROMSØ', 9038),
('NORDKJOSBOTN', 9040),
('LAKSVATN', 9042),
('JØVIK', 9043),
('OTEREN', 9046),
('NORDKJOSBOTN', 9049),
('STORSTEINNES', 9050),
('MEISTERVIK', 9055),
('MORTENHALS', 9056),
('VIKRAN', 9057),
('STORSTEINNES', 9059),
('LYNGSEIDET', 9060),
('FURUFLATEN', 9062),
('SVENSBY', 9064),
('NORD-LENANGEN', 9068),
('LYNGSEIDET', 9069),
('KVALØYSLETTA', 9100),
('KVALØYSLETTA', 9101),
('KVALØYSLETTA', 9102),
('KVALØYA', 9103),
('KVALØYA', 9104),
('KVALØYA', 9105),
('STRAUMSBUKTA', 9106),
('KVALØYA', 9107),
('KVALØYA', 9108),
('SOMMARØY', 9110),
('BRENSHOLMEN', 9118),
('SOMMARØY', 9119),
('VENGSØY', 9120),
('TUSSØY', 9128),
('HANSNES', 9130),
('KÅRVIK', 9131),
('STAKKVIK', 9132),
('HANSNES', 9134),
('VANNVÅG', 9135),
('VANNAREID', 9136),
('VANNVÅG', 9137),
('KARLSØY', 9138),
('REBBENES', 9140),
('MJØLVIK', 9141),
('SKIBOTN', 9142),
('SKIBOTN', 9143),
('SAMUELSBERG', 9144),
('OLDERDALEN', 9146),
('BIRTAVARRE', 9147),
('OLDERDALEN', 9148),
('STORSLETT', 9151),
('SØRKJOSEN', 9152),
('ROTSUND', 9153),
('STORSLETT', 9156),
('HAVNNES', 9159),
('BURFJORD', 9161),
('SØRSTRAUMEN', 9162),
('JØKELFJORD', 9163),
('BURFJORD', 9169),
('LONGYEARBYEN', 9170),
('LONGYEARBYEN', 9171),
('NY-ÅLESUND', 9173),
('HOPEN', 9174),
('SVEAGRUVA', 9175),
('BJØRNØYA', 9176),
('BARENTSBURG', 9178),
('SKJERVØY', 9180),
('HAMNEIDET', 9181),
('SEGLVIK', 9182),
('REINFJORD', 9184),
('SPILDRA', 9185),
('ANDSNES', 9186),
('VALANHAMN', 9187),
('SKJERVØY', 9189),
('AKKARVIK', 9190),
('ARNØYHAMN', 9192),
('NIKKEBY', 9193),
('LAUKSLETTA', 9194),
('ÅRVIKSAND', 9195),
('ULØYBUKT', 9197),
('TROMSØ', 9240),
('TROMSØ', 9251),
('TROMSØ', 9252),
('TROMSØ', 9253),
('TROMSØ', 9254),
('TROMSØ', 9255),
('TROMSØ', 9256),
('TROMSØ', 9257),
('TROMSØ', 9258),
('TROMSØ', 9259),
('TROMSØ', 9260),
('TROMSØ', 9261),
('TROMSØ', 9262),
('TROMSØ', 9263),
('TROMSØ', 9265),
('TROMSØ', 9266),
('TROMSØ', 9267),
('TROMSØ', 9268),
('TROMSØ', 9269),
('TROMSØ', 9270),
('TROMSØ', 9271),
('TROMSØ', 9272),
('TROMSØ', 9273),
('TROMSØ', 9274),
('TROMSØ', 9275),
('TROMSØ', 9276),
('TROMSØ', 9277),
('TROMSØ', 9278),
('TROMSØ', 9279),
('TROMSØ', 9280),
('TROMSØ', 9281),
('TROMSØ', 9282),
('TROMSØ', 9283),
('TROMSØ', 9284),
('TROMSØ', 9285),
('TROMSØ', 9286),
('TROMSØ', 9287),
('TROMSØ', 9288),
('TROMSØ', 9290),
('TROMSØ', 9291),
('TROMSØ', 9292),
('TROMSØ', 9293),
('TROMSØ', 9294),
('TROMSØ', 9296),
('TROMSØ', 9298),
('TROMSØ', 9299),
('FINNSNES', 9300),
('ROSSFJORDSTRAUMEN', 9302),
('SILSAND', 9303),
('VANGSVIK', 9304),
('FINNSNES', 9305),
('FINNSNES', 9306),
('SØRREISA', 9310),
('BRØSTADBOTN', 9311),
('SØRREISA', 9315),
('BRØSTADBOTN', 9316),
('MOEN', 9321),
('KARLSTAD', 9322),
('BARDUFOSS', 9325),
('BARDUFOSS', 9326),
('MOEN', 9329),
('ØVERBYGD', 9334),
('ØVERBYGD', 9335),
('RUNDHAUG', 9336),
('SJØVEGAN', 9350),
('SJØVEGAN', 9355),
('TENNEVOLL', 9357),
('TENNEVOLL', 9358),
('BARDU', 9360),
('BARDU', 9365),
('SILSAND', 9370),
('GIBOSTAD', 9372),
('BOTNHAMN', 9373),
('SKATVIK', 9376),
('GRYLLEFJORD', 9379),
('GRYLLEFJORD', 9380),
('TORSKEN', 9381),
('GIBOSTAD', 9382),
('SKALAND', 9384),
('SKALAND', 9385),
('SENJAHOPEN', 9386),
('SENJAHOPEN', 9387),
('FJORDGARD', 9388),
('HUSØY I SENJA', 9389),
('STONGLANDSEIDET', 9391),
('STONGLANDSEIDET', 9392),
('FLAKSTADVÅG', 9393),
('KALDFARNES', 9395),
('HARSTAD', 9402),
('HARSTAD', 9403),
('HARSTAD', 9404),
('HARSTAD', 9405),
('HARSTAD', 9406),
('HARSTAD', 9407),
('HARSTAD', 9408),
('HARSTAD', 9409),
('HARSTAD', 9411),
('HARSTAD', 9414),
('HARSTAD', 9415),
('SØRVIK', 9419),
('LUNDENES', 9420),
('GRØTAVÆR', 9423),
('KJØTTA', 9424),
('SANDSØY', 9425),
('BJARKØY', 9426),
('MELØYVÆR', 9427),
('SANDTORG', 9430),
('KONGSVIK', 9436),
('EVENSKJER', 9439),
('EVENSKJER', 9440),
('FJELLDAL', 9441),
('RAMSUND', 9442),
('MYKLEBOSTAD', 9443),
('HOL I TJELDSUND', 9444),
('TOVIK', 9445),
('GROVFJORD', 9446),
('GROVFJORD', 9447),
('RAMSUND', 9448),
('HAMNVIK', 9450),
('HAMNVIK', 9451),
('KRÅKRØHAMN', 9453),
('ÅNSTAD', 9454),
('ENGENES', 9455),
('GRATANGEN', 9470),
('GRATANGEN', 9471),
('BORKENES', 9475),
('BORKENES', 9476),
('HARSTAD', 9479),
('HARSTAD', 9480),
('HARSTAD', 9481),
('HARSTAD', 9482),
('HARSTAD', 9483),
('HARSTAD', 9484),
('HARSTAD', 9485),
('HARSTAD', 9486),
('HARSTAD', 9487),
('HARSTAD', 9488),
('HARSTAD', 9489),
('HARSTAD', 9496),
('HARSTAD', 9497),
('HARSTAD', 9498),
('ALTA', 9501),
('ALTA', 9502),
('ALTA', 9503),
('ALTA', 9504),
('ALTA', 9505),
('ALTA', 9506),
('ALTA', 9507),
('ALTA', 9508),
('ALTA', 9509),
('ALTA', 9510),
('ALTA', 9511),
('ALTA', 9512),
('ALTA', 9513),
('ALTA', 9514),
('ALTA', 9515),
('ALTA', 9516),
('ALTA', 9517),
('ALTA', 9518),
('KVIBY', 9519),
('KAUTOKEINO', 9520),
('KAUTOKEINO', 9521),
('MAZE', 9525),
('KVALFJORD', 9531),
('HAKKSTABBEN', 9532),
('KONGSHUS', 9533),
('KORSFJORDEN', 9536),
('TALVIK', 9540),
('LANGFJORDBOTN', 9545),
('ØKSFJORD', 9550),
('BERGSFJORD', 9580),
('NUVSVÅG', 9582),
('LANGFJORDHAMN', 9583),
('SØR-TVERRFJORD', 9584),
('SANDLAND', 9585),
('LOPPA', 9586),
('SKAVNAKK', 9587),
('HASVIK', 9590),
('BREIVIKBOTN', 9593),
('SØRVÆR', 9595),
('HAMMERFEST', 9600),
('NORDRE SEILAND', 9609),
('RYPEFJORD', 9610),
('HAMMERFEST', 9615),
('HAMMERFEST', 9616),
('KVALSUND', 9620),
('KVALSUND', 9621),
('REVSNESHAMN', 9624),
('AKKARFJORD', 9650),
('KÅRHAMN', 9657),
('SANDØYBOTN', 9664),
('TUFJORD', 9670),
('INGØY', 9672),
('HAVØYSUND', 9690),
('HAVØYSUND', 9691),
('MÅSØY', 9692),
('LAKSELV', 9700),
('PORSANGMOEN', 9709),
('INDRE BILLEFJORD', 9710),
('LAKSELV', 9711),
('LAKSELV', 9712),
('RUSSENES', 9713),
('SNEFJORD', 9714),
('KOKELV', 9715),
('BØRSELV', 9716),
('VEIDNESKLUBBEN', 9717),
('SKOGANVARRE', 9722),
('KARASJOK', 9730),
('KARASJOK', 9735),
('LEBESBY', 9740),
('KUNES', 9742),
('HONNINGSVÅG', 9750),
('HONNINGSVÅG', 9751),
('NORDVÅGEN', 9760),
('SKARSVÅG', 9763),
('NORDKAPP', 9764),
('GJESVÆR', 9765),
('REPVÅG', 9768),
('MEHAMN', 9770),
('SKJÅNES', 9771),
('LANGFJORDNES', 9772),
('NERVEI', 9773),
('GAMVIK', 9775),
('DYFJORD', 9782),
('KJØLLEFJORD', 9790),
('VADSØ', 9800),
('VESTRE JAKOBSELV', 9802),
('VESTRE JAKOBSELV', 9810),
('VADSØ', 9811),
('VADSØ', 9815),
('VARANGERBOTN', 9820),
('SIRMA', 9826),
('VARANGERBOTN', 9840),
('TANA', 9845),
('TANA', 9846),
('KIRKENES', 9900),
('BJØRNEVATN', 9910),
('HESSENG', 9912),
('BJØRNEVATN', 9914),
('KIRKENES', 9915),
('HESSENG', 9916),
('KIRKENES', 9917),
('SVANVIK', 9925),
('NEIDEN', 9930),
('BUGØYNES', 9935),
('VARDØ', 9950),
('VARDØ', 9951),
('KIBERG', 9960),
('BERLEVÅG', 9980),
('BERLEVÅG', 9981),
('KONGSFJORD', 9982),
('BÅTSFJORD', 9990),
('BÅTSFJORD', 9991);

--
-- Constraints for dumped tables
--

--
-- Constraints for table `customer`
--
ALTER TABLE `customer`
  ADD CONSTRAINT `customer_ibfk_1` FOREIGN KEY (`address_id`) REFERENCES `address` (`address_id`);

--
-- Constraints for table `dish_line`
--
ALTER TABLE `dish_line`
  ADD CONSTRAINT `dish_line_ibfk_2` FOREIGN KEY (`dish_id`) REFERENCES `dish` (`dish_id`) ON DELETE CASCADE,
  ADD CONSTRAINT `dish_line_ibfk_1` FOREIGN KEY (`ingredient_id`) REFERENCES `ingredient` (`ingredient_id`) ON DELETE CASCADE;

--
-- Constraints for table `employee`
--
ALTER TABLE `employee`
  ADD CONSTRAINT `employee_ibfk_1` FOREIGN KEY (`address_id`) REFERENCES `address` (`address_id`),
  ADD CONSTRAINT `employee_ibfk_2` FOREIGN KEY (`pos_id`) REFERENCES `employee_position` (`pos_id`);

--
-- Constraints for table `ingredient`
--
ALTER TABLE `ingredient`
  ADD CONSTRAINT `ingredient_ibfk_1` FOREIGN KEY (`supplier_id`) REFERENCES `supplier` (`supplier_id`);

--
-- Constraints for table `menu`
--
ALTER TABLE `menu`
  ADD CONSTRAINT `menu_meal_type_meal_type_id_fk` FOREIGN KEY (`meal_type_id`) REFERENCES `meal_type` (`meal_type_id`) ON DELETE CASCADE;

--
-- Constraints for table `menu_line`
--
ALTER TABLE `menu_line`
  ADD CONSTRAINT `menu_line_ibfk_1` FOREIGN KEY (`dish_id`) REFERENCES `dish` (`dish_id`) ON DELETE CASCADE,
  ADD CONSTRAINT `menu_line_ibfk_2` FOREIGN KEY (`menu_id`) REFERENCES `menu` (`menu_id`) ON DELETE CASCADE;

--
-- Constraints for table `order`
--
ALTER TABLE `order`
  ADD CONSTRAINT `order_ibfk_6` FOREIGN KEY (`address_id`) REFERENCES `address` (`address_id`),
  ADD CONSTRAINT `order_ibfk_3` FOREIGN KEY (`customer_id`) REFERENCES `customer` (`c_id`),
  ADD CONSTRAINT `order_ibfk_4` FOREIGN KEY (`status_id`) REFERENCES `orderstatus` (`status_id`),
  ADD CONSTRAINT `order_ibfk_5` FOREIGN KEY (`subscription_id`) REFERENCES `subscription` (`subscription_id`);

--
-- Constraints for table `order_line`
--
ALTER TABLE `order_line`
  ADD CONSTRAINT `order_line_ibfk_1` FOREIGN KEY (`order_id`) REFERENCES `order` (`order_id`) ON DELETE CASCADE,
  ADD CONSTRAINT `order_line_ibfk_2` FOREIGN KEY (`dish_id`) REFERENCES `dish` (`dish_id`) ON DELETE CASCADE;

--
-- Constraints for table `porder`
--
ALTER TABLE `porder`
  ADD CONSTRAINT `porder_ibfk_2` FOREIGN KEY (`supplier_id`) REFERENCES `supplier` (`supplier_id`);

--
-- Constraints for table `porder_line`
--
ALTER TABLE `porder_line`
  ADD CONSTRAINT `porder_line_ibfk_2` FOREIGN KEY (`ingredient_id`) REFERENCES `ingredient` (`ingredient_id`),
  ADD CONSTRAINT `porder_line_ibfk_1` FOREIGN KEY (`porder_id`) REFERENCES `porder` (`porder_id`);

--
-- Constraints for table `subscription`
--
ALTER TABLE `subscription`
  ADD CONSTRAINT `subscription___fk` FOREIGN KEY (`customer_id`) REFERENCES `customer` (`c_id`);

--
-- Constraints for table `supplier`
--
ALTER TABLE `supplier`
  ADD CONSTRAINT `supplier_ibfk_1` FOREIGN KEY (`address_id`) REFERENCES `address` (`address_id`);

/*!40101 SET CHARACTER_SET_CLIENT=@OLD_CHARACTER_SET_CLIENT */;
/*!40101 SET CHARACTER_SET_RESULTS=@OLD_CHARACTER_SET_RESULTS */;
/*!40101 SET COLLATION_CONNECTION=@OLD_COLLATION_CONNECTION */;
